SNX20	NFAM1	0
SNX20	PCED1B-AS1	0
SNX20	CCL4	0
SNX20	TRAC	0
CDK12	OXSR1	0
DPEP2	LAIR1	0
DPEP2	CD300A	0
DPEP2	C1QB	0
DPEP2	C1QA	0
DPEP2	UCP2	0
DPEP2	HCLS1	0
DPEP2	LST1	0
DPEP2	GPSM3	0
DPEP2	HLA-DPB1	0
DPEP2	NFAM1	0
DPEP2	PCED1B-AS1	0
DUS2	DDX28	0
POP5	PXN-AS1	0
ATP5L	SDHAF2	0
ATP5L	NDUFS5	0
ATP5L	ATP5I	0
ATP5L	C19orf70	0
ATP5L	COX8A	0
ATP5L	COX5A	0
ATP5L	EIF3K	0
ATP5L	MOB2	0
ATP5L	NDUFA12	0
ATP5L	NDUFA13	0
ATP5L	MRPL21	0
ATP5L	UQCC3	0
ATP5L	NDUFS3	0
ATP5L	PET100	0
ATP5L	GTF2I	0
CD3D	CD8B	0
CD3D	CXCR6	0
CD3D	TIGIT	0
CD3D	LCK	0
CD3D	SH2D1A	0
CD3D	CD3E	0
CD3D	TRBV28	0
CD3D	TRBC2	0
CD3D	GPSM3	0
CD3D	PCED1B-AS1	0
CD3D	TRAC	0
SMG8	INAFM1	0
GPX4	NDUFA11	0
GPX4	C19orf70	0
GPX4	UBL5	0
GPX4	C19orf24	0
CDT1	UBE2C	0
CDT1	RMI2	0
CDT1	AURKB	0
CDT1	TRAIP	0
CDT1	KIFC1	0
TRAPPC2L	RPL13	0
TRAPPC2L	TRAPPC1	0
TRAPPC2L	C19orf70	0
TRAPPC2L	APRT	0
TRAPPC2L	HSBP1	0
TRAPPC2L	FLJ20021	0
RPL13	RPS9	0
RPL13	MRPL52	0
RPL13	RPL38	0
RPL13	NR2C2	0
RPL13	RPLP2	0
RPL13	GADD45GIP1	0
RPL13	RPL35A	0
RPL13	RPL14	0
RPL13	RPL37A	0
RPL13	RPL12	0
RPL13	RPL39	0
RPL13	APRT	0
RPL13	GNB2L1	0
RPL13	RPS28	0
RPL13	RPL36A	0
CACNB3	OXTR	0
CACNB3	GABBR1	0
KMT2D	C2CD3	0
KMT2D	NR2C2	0
KMT2D	BCL9L	0
KMT2D	TRRAP	0
KMT2D	GTF2I	0
KMT2D	CICP14	0
TUBA1A	HOXB2	0
TUBA1A	TUBB6	0
TUBA1A	GPBAR1	0
TUBA1A	TMEM173	0
TUBA1A	TPM2	0
TUBA1A	AGAP2-AS1	0
RAB4B	INAFM1	0
PROSER3	BCL9L	0
AXL	ANTXR1	0
AXL	SLC8A1	0
AXL	PTPLAD2	0
LAIR1	PTAFR	0
LAIR1	RNASE6	0
LAIR1	PIK3CD	0
LAIR1	C3AR1	0
LAIR1	CLEC7A	0
LAIR1	C1QB	0
LAIR1	C1QA	0
LAIR1	CMKLR1	0
LAIR1	UCP2	0
LAIR1	HCLS1	0
LAIR1	CSF1R	0
LAIR1	GPR132	0
LAIR1	IKZF1	0
LAIR1	EVI2B	0
LAIR1	CD300LF	0
LAIR1	ARHGAP30	0
LAIR1	LILRB4	0
LAIR1	CERKL	0
LAIR1	HLA-DQA1	0
LAIR1	HLA-DOA	0
LAIR1	HLA-DRA	0
LAIR1	GPSM3	0
LAIR1	HLA-DPB1	0
LAIR1	NFAM1	0
LAIR1	PLEKHO2	0
LAIR1	HLA-DMB	0
LAIR1	PCED1B-AS1	0
LAIR1	MILR1	0
CDC42EP5	PPP1R14A	0
CDC42EP5	EGFL7	0
CDC42EP5	CRIP2	0
PPP1R14A	PTRF	0
PPP1R14A	PLAC9	0
PPP1R14A	TPM2	0
MFSD3	COMMD5	0
MFSD3	EXOSC4	0
MFSD3	CYC1	0
MFSD3	PUF60	0
MFSD3	FBXL6	0
MFSD3	CYHR1	0
MFSD3	GPAA1	0
SERPINF2	APOC4-APOC2	0
SERPINF2	U91324.1	0
SERPINF2	APOC2	0
SERPINF2	GSTA7P	0
SERPINF2	RP11-706C16.7	0
OTUB1	TSSC4	0
IGFBP6	PTRF	0
IGFBP6	TPM2	0
IGFBP6	AGAP2-AS1	0
C3P1	APOF	0
C3P1	PIPOX	0
C3P1	C1S	0
C3P1	ACSM2A	0
C3P1	IL27	0
C3P1	BX842568.2	0
C3P1	RP5-966M1.6	0
C3P1	CCND2P1	0
C3P1	HP	0
PRDX2	SWSAP1	0
PRDX2	C19orf70	0
CD300A	C1QB	0
CD300A	C1QA	0
CD300A	UCP2	0
CD300A	HCLS1	0
CD300A	CSF1R	0
CD300A	GPR132	0
CD300A	FAM26F	0
CD300A	AIF1	0
CD300A	LST1	0
CD300A	GPSM3	0
CD300A	HLA-DPB1	0
CD300A	NFAM1	0
CD300A	LILRA2	0
ATP5H	NDUFA12	0
ATP5H	MRPL12	0
TMC8	PIK3CD	0
TMC8	UCP2	0
TMC8	HCLS1	0
TMC8	TIGIT	0
TMC8	LCK	0
TMC8	GPR132	0
TMC8	SH2D1A	0
TMC8	APOBR	0
TMC8	IKZF1	0
TMC8	EVI2B	0
TMC8	C16orf54	0
TMC8	ARHGAP30	0
TMC8	CXCR3	0
TMC8	SPN	0
TMC8	CD247	0
TMC8	CD3E	0
TMC8	TRBV28	0
TMC8	TRBC2	0
TMC8	GPSM3	0
TMC8	PCED1B-AS1	0
TMC8	CCL5	0
TMC8	CCL4	0
TMC8	TRAC	0
RP11-25K19.1	TOX	0
MLST8	PGP	0
MLST8	APRT	0
ECI1	TUFM	0
NLRC3	IKZF1	0
NLRC3	SPN	0
SDHAF2	TMEM223	0
SDHAF2	BRD3	0
SDHAF2	BPTF	0
SDHAF2	FBXL14	0
SDHAF2	TRMT112	0
SDHAF2	FKBP2	0
SDHAF2	USMG5	0
SDHAF2	BANF1	0
SDHAF2	SEC24C	0
SDHAF2	RPLP2	0
SDHAF2	POLR2L	0
SDHAF2	EXOSC4	0
SDHAF2	MED14	0
SDHAF2	MOB2	0
SDHAF2	SNRNP35	0
SDHAF2	TSSC4	0
SDHAF2	NDUFA13	0
SDHAF2	BCL9L	0
SDHAF2	GPATCH8	0
SDHAF2	POM121	0
SDHAF2	MRPL21	0
SDHAF2	ZNF770	0
SDHAF2	UQCC3	0
SDHAF2	ANKRD18EP	0
SDHAF2	PET100	0
SDHAF2	TMA7	0
SDHAF2	RP11-274B21.2	0
SDHAF2	RP11-384K6.6	0
SDHAF2	GTF2I	0
SDHAF2	PSMB3	0
FTH1	FTH1P7	0
POLR2G	COMMD5	0
POLR2G	EXOSC4	0
POLR2G	CYHR1	0
POLR2G	PSMB3	0
RPSA	RPS9	0
RPSA	RPS21	0
RPSA	RPS7	0
RPSA	RPL38	0
RPSA	RPL4	0
RPSA	RPL15	0
RPSA	RPLP2	0
RPSA	RPS17	0
RPSA	RPL35A	0
RPSA	RPS23	0
RPSA	RPL14	0
RPSA	NACA	0
RPSA	RPL37A	0
RPSA	RPL23A	0
RPSA	GNB2L1	0
RPSA	RPL18AP3	0
RPSA	LYRM4	0
RPSA	UBA52	0
RPSA	EPB41L4A-AS1	0
RPSA	CTB-63M22.1	0
RPSA	EEF1B2P3	0
RPSA	RPS28	0
RPSA	RPL36A	0
RPSA	RP11-234A1.1	0
RPSA	SNHG6	0
SAC3D1	DRAP1	0
CCDC88B	CORO7	0
PBK	CDK1	0
PBK	ESCO2	0
PBK	RRM2	0
PBK	CDCA2	0
SETD5	TMEM208	0
TTC39C	RP11-799B12.1	0
GLYCTK	PIPOX	0
GLYCTK	RP11-573D15.8	0
GLYCTK	ARID3C	0
ACOX2	HFE2	0
ACOX2	CPN2	0
ACOX2	PIPOX	0
ACOX2	ACSM2A	0
ACOX2	MITF	0
ACOX2	SPDYC	0
ACOX2	TM6SF2	0
ACOX2	U91324.1	0
ACOX2	SEPP1	0
ACOX2	RP11-611O2.2	0
ACOX2	HPR	0
ACOX2	RP11-141M3.6	0
ACOX2	CCL16	0
RHOH	FMNL1	0
TNXB	PODN	0
TNXB	THBD	0
TNXB	GAS1	0
TNXB	F2R	0
TNXB	THBS2	0
TNXB	COL14A1	0
TNXB	PRELP	0
TNXB	LAMA2	0
TNXB	ZNF521	0
HFE2	ACSM2A	0
HFE2	MITF	0
HFE2	CES1	0
HFE2	U91324.1	0
HFE2	APOC2	0
HFE2	GSTA7P	0
HFE2	HPR	0
HFE2	CCL16	0
COL3A1	CCDC8	0
COL3A1	ANTXR1	0
COL3A1	RCAN2	0
COL3A1	PODN	0
COL3A1	SSC5D	0
COL3A1	F2R	0
COL3A1	UNC5C	0
COL3A1	BGN	0
COL3A1	KIRREL	0
COL3A1	ARMCX2	0
COL3A1	SLC24A3	0
COL3A1	PRKG1	0
COL3A1	THBS2	0
COL3A1	COL14A1	0
COL3A1	PRELP	0
COL3A1	LAMA2	0
COL3A1	DACT3	0
COL3A1	LBH	0
COL3A1	RP11-588K22.2	0
TMEM223	ATP5I	0
TMEM223	MOB2	0
TMEM223	NDUFB1	0
TMEM223	TMA7	0
TMEM223	ATP5J2	0
NDUFS5	ATP5I	0
NDUFS5	NDUFA3	0
NDUFS5	HRAS	0
NDUFS5	C19orf70	0
NDUFS5	CLTB	0
NDUFS5	SEC24C	0
NDUFS5	GADD45GIP1	0
NDUFS5	MOB2	0
NDUFS5	NDUFA13	0
NDUFS5	UQCC3	0
NDUFS5	MRPL23	0
NDUFS5	PET100	0
IL7R	IKZF1	0
TMEM208	NSMCE1	0
TMEM208	SP3	0
TMEM208	CTU2	0
TMEM208	TUFM	0
TMEM208	APRT	0
TET2	KIAA2026	0
TET2	PHF2	0
RNF181	SF3B5	0
RNF181	FKBP2	0
RNF181	POLR2L	0
RNF181	PSMD13	0
RNF181	NDUFA13	0
RNF181	POM121	0
RNF181	MRPL21	0
RNF181	UQCC3	0
RNF181	GTF2I	0
VAMP5	PSMD13	0
VAMP5	GPATCH8	0
INPP5D	EMB	0
INPP5D	PIK3CD	0
INPP5D	KLHL6	0
INPP5D	UCP2	0
INPP5D	HCLS1	0
INPP5D	IKZF1	0
INPP5D	EVI2B	0
INPP5D	ARHGAP30	0
INPP5D	SEMA4D	0
INPP5D	PTPLAD2	0
INPP5D	NFAM1	0
LGALS9	S100A4	0
LGALS9	GPSM3	0
SIGLEC7	CLEC7A	0
SIGLEC7	C1QB	0
SIGLEC7	LILRB4	0
SIGLEC7	NFAM1	0
ATP5I	NDUFA3	0
ATP5I	USMG5	0
ATP5I	C19orf70	0
ATP5I	POLR2L	0
ATP5I	COX5A	0
ATP5I	EIF3K	0
ATP5I	NAA38	0
ATP5I	NDUFB1	0
ATP5I	NDUFA13	0
ATP5I	KRT10	0
ATP5I	LAMTOR4	0
ATP5I	NDUFS3	0
ATP5I	OST4	0
ATP5I	PET100	0
ATP5I	ATP5J2	0
ROR2	NTF3	0
AR	CPN2	0
AR	CYP8B1	0
AR	AGMO	0
AR	TPRG1-AS1	0
AR	SEPP1	0
AR	RP11-141M3.6	0
NSMCE1	FAM195A	0
NSMCE1	TUFM	0
NSMCE1	TBL3	0
NSMCE1	POM121	0
NSMCE1	APRT	0
NSMCE1	PAM16	0
NSMCE1	GTF2I	0
CD2BP2	PGP	0
CD2BP2	LCMT1	0
CD2BP2	CORO7	0
TBC1D10B	RABL6	0
LMAN2	HINT1	0
LMAN2	MRPL11	0
LMAN2	TMED9	0
CXCL10	CXCL11	0
PTAFR	RNASE6	0
PTAFR	PIK3CD	0
PTAFR	C3AR1	0
PTAFR	CSF1R	0
PTAFR	GPR132	0
PTAFR	ADAP2	0
PTAFR	EVI2B	0
PTAFR	CD300LF	0
PTAFR	LILRB4	0
PTAFR	HLA-DQA1	0
PTAFR	HLA-DOA	0
PTAFR	HLA-DRA	0
PTAFR	GPSM3	0
PTAFR	HLA-DPB1	0
PTAFR	NFAM1	0
PTAFR	HLA-DMB	0
PTAFR	MILR1	0
RNASE6	GPR183	0
RNASE6	C3AR1	0
RNASE6	C1QB	0
RNASE6	HCLS1	0
RNASE6	CSF1R	0
RNASE6	HLA-DRA	0
RNASE6	AIF1	0
RNASE6	HLA-DPB1	0
RNASE6	HLA-DMB	0
RNASE6	MILR1	0
CD52	PIK3CD	0
CD52	UCP2	0
CD52	HCLS1	0
CD52	LCK	0
CD52	IKZF1	0
CD52	C16orf54	0
CD52	CD300LF	0
CD52	CXCR3	0
CD52	S100A4	0
CD52	CD3E	0
CD52	LST1	0
CD52	TRBV28	0
CD52	TRBC2	0
CD52	GPSM3	0
CD52	LTB	0
CD52	PCED1B-AS1	0
CD52	TRAC	0
GPR183	GPR132	0
GPR183	ARL4C	0
GPR183	PTPLAD2	0
CCDC8	ANTXR1	0
CCDC8	RCAN2	0
CCDC8	HOXB2	0
CCDC8	PODN	0
CCDC8	SSC5D	0
CCDC8	F2R	0
CCDC8	BGN	0
CCDC8	SLC24A3	0
CCDC8	THBS2	0
CCDC8	COL14A1	0
CCDC8	PRELP	0
CCDC8	LAMA2	0
CCDC8	DACT3	0
ZEB2	LRRC8C	0
ZEB2	SYNPO2	0
ZEB2	SLC8A1	0
ZEB2	GNG2	0
ZEB2	PTPLAD2	0
ZEB2	TCF4	0
GJB1	KISS1	0
GJB1	GOLT1A	0
GJB1	MORF4L1P1	0
GJB1	RP11-465N4.4	0
GJB1	RP11-273B20.1	0
GJB1	RP11-297L17.2	0
GJB1	RP11-1151B14.2	0
GJB1	RP11-337C18.9	0
GJB1	CCL15	0
HINT1	CISD3	0
ANTXR1	ZFPM2	0
ANTXR1	RCAN2	0
ANTXR1	HEG1	0
ANTXR1	HOXB2	0
ANTXR1	PODN	0
ANTXR1	SSC5D	0
ANTXR1	F2R	0
ANTXR1	UNC5C	0
ANTXR1	BGN	0
ANTXR1	LHFP	0
ANTXR1	KIRREL	0
ANTXR1	ARMCX2	0
ANTXR1	SLC24A3	0
ANTXR1	PRKG1	0
ANTXR1	THBS2	0
ANTXR1	COL14A1	0
ANTXR1	PRELP	0
ANTXR1	AFAP1	0
ANTXR1	TCF4	0
ANTXR1	FLNA	0
ANTXR1	DACT3	0
ANTXR1	DOK6	0
ANTXR1	LBH	0
ANTXR1	ARHGEF25	0
ANTXR1	RP11-588K22.2	0
CKAP2L	BUB1	0
CKAP2L	CDK1	0
CKAP2L	RRM2	0
CKAP2L	EXO1	0
CKAP2L	CDCA2	0
CKAP2L	PARPBP	0
CKAP2L	KIF18B	0
CKAP2L	XRCC2	0
CKAP2L	ARHGAP11A	0
CKAP2L	PRC1	0
CKAP2L	KIFC1	0
CKAP2L	UHRF1	0
BUB1	CDK1	0
BUB1	RRM2	0
BUB1	EXO1	0
BUB1	ATAD5	0
BUB1	CDCA2	0
BUB1	KIF18B	0
BUB1	XRCC2	0
BUB1	WDHD1	0
BUB1	ARHGAP11A	0
BUB1	PRC1	0
BUB1	KIFC1	0
BUB1	UHRF1	0
LRRC45	STRA13	0
MT1E	MT1M	0
DUS1L	GPS1	0
GPS1	OXLD1	0
DCXR	CYP8B1	0
DCXR	RP13-650J16.1	0
LDB2	MMRN2	0
LDB2	CDH5	0
LDB2	ST6GALNAC3	0
LDB2	PDE2A	0
LDB2	TCF4	0
LDB2	ZNF521	0
LDB2	ARHGEF15	0
LDB2	NOTCH4	0
LDB2	RP11-389C8.2	0
ONECUT1	SOWAHB	0
ONECUT1	OCLN	0
ONECUT1	NOS1AP	0
ONECUT1	VWA7	0
ONECUT1	MORF4L1P1	0
ONECUT1	RP4-798P15.3	0
ONECUT1	RP11-273B20.1	0
ONECUT1	RP11-337C18.9	0
SF3B5	FKBP2	0
TRAPPC1	GABARAP	0
TRAPPC1	STX8	0
TRAPPC1	MFSD5	0
TRAPPC1	NAA38	0
ZNF212	ZNF282	0
CMTM8	RP11-384L8.1	0
GABARAP	STX8	0
STX8	NAA38	0
CDK1	RRM2	0
CDK1	EXO1	0
CDK1	UBE2C	0
CDK1	AURKB	0
CDK1	CDCA2	0
CDK1	KIF18B	0
CDK1	ARHGAP11A	0
CDK1	PRC1	0
CDK1	KIFC1	0
CDK1	UHRF1	0
UBB	UBBP4	0
SMAD1	SEC24C	0
SMAD1	RPLP2	0
SMAD1	ZNF770	0
SMAD1	RP11-384K6.6	0
DCLK2	TP53I11	0
DCLK2	LHFP	0
RALGAPB	ZNF587	0
RALGAPB	NCOA6	0
MZB1	HCLS1	0
MZB1	GPR132	0
MZB1	IKZF1	0
MZB1	IGKC	0
MZB1	IGLV2-14	0
MZB1	IGLC2	0
MZB1	IGLC3	0
MZB1	IGHA2	0
MZB1	IGHG2	0
MZB1	IGHG1	0
MZB1	IGHG3	0
MZB1	GPSM3	0
MZB1	HLA-DPB1	0
KISS1	GOLT1A	0
PFKFB3	ZNF563	0
CDH2	RP11-513G11.3	0
EMB	PIK3CD	0
EMB	HCLS1	0
EMB	SLC8A1	0
EMB	GPR132	0
EMB	IKZF1	0
EMB	EVI2B	0
EMB	ARHGAP30	0
EMB	PCED1B-AS1	0
COMMD5	C8orf59	0
COMMD5	POLR2L	0
COMMD5	EXOSC4	0
COMMD5	SHARPIN	0
COMMD5	MAF1	0
COMMD5	TIGD5	0
COMMD5	PUF60	0
COMMD5	FBXL6	0
COMMD5	HSF1	0
COMMD5	CYHR1	0
COMMD5	C8orf76	0
COMMD5	GPAA1	0
COMMD5	HGH1	0
COMMD5	NME1	0
COMMD5	RP11-274B21.2	0
COMMD5	BOP1	0
COMMD5	PSMB3	0
ZNF16	TSNARE1	0
ATF7	SP1	0
GPR37	RP5-907C10.3	0
HTRA3	FOXS1	0
HTRA3	BGN	0
HTRA3	DACT3	0
RPS9	ZNF581	0
RPS9	RPS21	0
RPS9	RPS7	0
RPS9	MRPL52	0
RPS9	RPL38	0
RPS9	SSSCA1	0
RPS9	NR2C2	0
RPS9	RPLP2	0
RPS9	RPS27	0
RPS9	CTD-2192J16.15	0
RPS9	RPS17	0
RPS9	RPL35A	0
RPS9	RPS23	0
RPS9	RPL14	0
RPS9	TOMM7	0
RPS9	RPL37A	0
RPS9	ZNF770	0
RPS9	RPL23A	0
RPS9	RPL10A	0
RPS9	RPL39	0
RPS9	GNB2L1	0
RPS9	RPL18AP3	0
RPS9	RPS29	0
RPS9	UBA52	0
RPS9	RP11-51O6.1	0
RPS9	CTB-63M22.1	0
RPS9	EEF1B2P3	0
RPS9	RPL3P4	0
RPS9	RPS28	0
RPS9	RPL13AP20	0
RPS9	RPL36A	0
RPS9	RP11-466H18.1	0
RPS9	SNHG6	0
NDUFA3	ZNF524	0
NDUFA3	FKBP2	0
NDUFA3	C19orf70	0
NDUFA3	CLTB	0
NDUFA3	RPLP2	0
NDUFA3	POLR2L	0
NDUFA3	EIF3K	0
NDUFA3	GADD45GIP1	0
NDUFA3	MOB2	0
NDUFA3	NAA38	0
NDUFA3	NDUFB1	0
NDUFA3	NDUFA13	0
NDUFA3	LAMTOR4	0
NDUFA3	UQCC3	0
NDUFA3	MRPL23	0
NDUFA3	PET100	0
NDUFA3	ATP5J2	0
NDUFA3	RP11-730G20.2	0
NDUFA3	FDX1L	0
NDUFA3	EGLN2	0
TANC2	CTBP2	0
PDGFD	NR2F2	0
TSNARE1	ZNF707	0
GIMAP8	GIMAP7	0
GIMAP8	GIMAP1	0
GIMAP8	RP11-389C8.2	0
C9orf16	SSNA1	0
C9orf16	RPLP2	0
C9orf16	MOB2	0
C9orf16	ZFP91	0
SCAND1	CCDC85B	0
SCAND1	RP11-505K9.1	0
CHST11	GAL3ST4	0
ESCO2	CDCA2	0
TPPP	ZDHHC11B	0
MRPL36	NOP10	0
MRPL36	UQCC3	0
ZNF581	IMPDH2	0
ZNF581	RPL36A	0
ZNF524	POLR2L	0
ZNF524	EIF3K	0
ZNF524	NOP10	0
ZNF524	LAMTOR4	0
ZNF524	UQCC3	0
ZNF524	UBA52	0
ZNF524	C19orf24	0
LRRC8C	SYNPO2	0
LRRC8C	TMEM173	0
LRRC8C	GNG2	0
LRRC8C	ARHGAP23	0
PTGER4	IKZF1	0
PTGER4	EVI2B	0
PTGER4	CERKL	0
PTGER4	PTPLAD2	0
TBCA	TBCAP1	0
FGG	FGA	0
FGG	FGB	0
FGG	ORM2	0
FGG	ORM1	0
FGA	FGB	0
FGA	ORM2	0
FGA	ORM1	0
PIK3CD	UCP2	0
PIK3CD	CIITA	0
PIK3CD	HCLS1	0
PIK3CD	TIGIT	0
PIK3CD	LCK	0
PIK3CD	GPR132	0
PIK3CD	SH2D1A	0
PIK3CD	APOBR	0
PIK3CD	IKZF1	0
PIK3CD	EVI2B	0
PIK3CD	ARHGAP30	0
PIK3CD	CXCR3	0
PIK3CD	SEMA4D	0
PIK3CD	FAM26F	0
PIK3CD	SPN	0
PIK3CD	CD247	0
PIK3CD	CD3E	0
PIK3CD	TRBV28	0
PIK3CD	TRBC2	0
PIK3CD	GPSM3	0
PIK3CD	HLA-DPB1	0
PIK3CD	NFAM1	0
PIK3CD	PLEKHO2	0
PIK3CD	PCED1B-AS1	0
PIK3CD	CCL4	0
PIK3CD	TRAC	0
BPTF	FKBP2	0
BPTF	POLR2L	0
BPTF	NDUFV2	0
BPTF	LSM10	0
BPTF	PSMD13	0
BPTF	GPATCH8	0
GPR34	C3AR1	0
PAH	CPN2	0
PAH	AGMO	0
PAH	APOC4-APOC2	0
PAH	RP11-15I11.3	0
PAH	UGT1A3	0
PAH	RP11-209K10.2	0
PAH	AC108078.1	0
PAH	RP11-1151B14.3	0
RASGRP4	CSF1R	0
COL8A2	GAL3ST4	0
FBXL14	ANKRD18EP	0
FBXL14	TMA7	0
FBXL14	RP11-274B21.2	0
FBXL14	GTF2I	0
FBXL14	PSMB3	0
ZNF570	ZNF569	0
RRM2	EXO1	0
RRM2	CDCA2	0
RRM2	KIF18B	0
RRM2	ARHGAP11A	0
RRM2	PRC1	0
RRM2	KIFC1	0
RRM2	UHRF1	0
RPS21	RPS7	0
RPS21	MRPL52	0
RPS21	RPL38	0
RPS21	EIF3F	0
RPS21	RPLP2	0
RPS21	RPS27	0
RPS21	RPS17	0
RPS21	RPL35A	0
RPS21	RPS23	0
RPS21	RPL14	0
RPS21	TOMM7	0
RPS21	RPL37A	0
RPS21	RPL23A	0
RPS21	RPL39	0
RPS21	GNB2L1	0
RPS21	RPL18AP3	0
RPS21	RPS29	0
RPS21	UBA52	0
RPS21	OST4	0
RPS21	RPL41	0
RPS21	EEF1B2P3	0
RPS21	RPS28	0
RPS21	RPL39P3	0
RPS21	RPL36A	0
RPS21	RP11-234A1.1	0
RPS21	RP11-466H18.1	0
C3AR1	CLEC7A	0
C3AR1	C1QB	0
C3AR1	CMKLR1	0
C3AR1	CD163	0
C3AR1	HCLS1	0
C3AR1	CSF1R	0
C3AR1	EVI2B	0
C3AR1	LILRB4	0
C3AR1	FPR3	0
C3AR1	HLA-DQA1	0
C3AR1	HLA-DOA	0
C3AR1	HLA-DRA	0
C3AR1	NFAM1	0
C3AR1	HLA-DMB	0
C3AR1	MILR1	0
RPS7	RPL4	0
RPS7	RPL15	0
RPS7	RPL24P4	0
RPS7	RPS17	0
RPS7	RPL35A	0
RPS7	RPS23	0
RPS7	RPL14	0
RPS7	NACA	0
RPS7	RPL37A	0
RPS7	RPL23A	0
RPS7	RPL18AP3	0
RPS7	RP11-51O6.1	0
RPS7	CTB-63M22.1	0
RPS7	EEF1B2P3	0
RPS7	RPL39P3	0
RPS7	RP11-234A1.1	0
CYP4F11	CYP4F3	0
JMJD1C	MRPL52	0
JMJD1C	NR2C2	0
JMJD1C	LAGE3	0
MOB3A	PIP5K1C	0
CD8B	CXCR6	0
CD8B	TIGIT	0
CD8B	PDCD1	0
CD8B	CD3E	0
SNTB1	RP11-297L17.2	0
SNTB1	RP11-713M15.2	0
MRPL13	CYC1	0
MRPL13	PUF60	0
MRPL13	C8orf76	0
ID4	RCAN2	0
ID4	HOXB2	0
ID4	BGN	0
ID4	DACT3	0
ID4	ARHGEF25	0
CXCR6	TIGIT	0
CXCR6	LCK	0
CXCR6	SH2D1A	0
CXCR6	CXCR3	0
CXCR6	PDCD1	0
CXCR6	CD3E	0
CXCR6	TRAC	0
CLEC7A	RASGRP1	0
CLEC7A	IKZF1	0
CLEC7A	EVI2B	0
CLEC7A	LILRB4	0
CLEC7A	FPR3	0
CLEC7A	HLA-DQA1	0
CLEC7A	RCSD1	0
CLEC7A	HLA-DOA	0
CLEC7A	HLA-DRA	0
CLEC7A	HLA-DPA1	0
CLEC7A	HLA-DMB	0
COPRS	RPL38	0
RCAN2	HOXB2	0
RCAN2	PODN	0
RCAN2	SSC5D	0
RCAN2	F2R	0
RCAN2	BGN	0
RCAN2	LHFP	0
RCAN2	SLIT3	0
RCAN2	PRKG1	0
RCAN2	THBS2	0
RCAN2	COL14A1	0
RCAN2	PRELP	0
RCAN2	DACT3	0
RCAN2	RP11-588K22.2	0
IL16	ARHGAP30	0
FAM195A	TUFM	0
FAM195A	MRPL41	0
SYNPO2	LHFP	0
SYNPO2	SLIT3	0
SYNPO2	TMEM173	0
SYNPO2	COL14A1	0
SYNPO2	PRELP	0
SYNPO2	TCF4	0
SYNPO2	LINC01197	0
SYNPO2	ARHGAP23	0
MYEOV2	C19orf70	0
MYEOV2	RPLP2	0
MYEOV2	MFSD5	0
MYEOV2	ZNF770	0
MYEOV2	UQCC3	0
MYEOV2	OST4	0
AGXT	CPN2	0
AGXT	PIPOX	0
AGXT	ABAT	0
AGXT	ADH1A	0
AGXT	TAT	0
AGXT	F11-AS1	0
AGXT	RP11-115J16.1	0
AGXT	RP11-209K10.2	0
ACOT12	CPN2	0
ACOT12	PIPOX	0
ACOT12	F2	0
FIBP	TSSC4	0
PPP1CA	CFL1	0
PPP1CA	BRMS1	0
PPP1CA	TSSC4	0
CTSW	CD247	0
RASGRP1	GPR132	0
RASGRP1	IKZF1	0
RASGRP1	EVI2B	0
RASGRP1	SPN	0
RASGRP1	CARD11	0
KLHL6	IKZF1	0
KLHL6	EVI2B	0
CHCHD1	USMG5	0
CHCHD1	NOP10	0
CHCHD1	MRPS16	0
CHCHD1	TMA7	0
CHCHD1	RP11-274B21.2	0
CHCHD1	CNPY2	0
MRPL52	RPL38	0
MRPL52	RNASEH2C	0
MRPL52	SSSCA1	0
MRPL52	FKBP2	0
MRPL52	NDUFA11	0
MRPL52	C19orf70	0
MRPL52	DRAP1	0
MRPL52	SEC24C	0
MRPL52	NR2C2	0
MRPL52	RPLP2	0
MRPL52	GADD45GIP1	0
MRPL52	MOB2	0
MRPL52	TSSC4	0
MRPL52	LAMTOR4	0
MRPL52	RPL14	0
MRPL52	POM121	0
MRPL52	RPL37A	0
MRPL52	ZNF770	0
MRPL52	UBL5	0
MRPL52	CSNK2B	0
MRPL52	UQCC3	0
MRPL52	RPS29	0
MRPL52	ANKRD18EP	0
MRPL52	PET100	0
MRPL52	TMA7	0
MRPL52	RPS28	0
MRPL52	RP11-274B21.2	0
MRPL52	GTF2I	0
MRPL52	FDX1L	0
MRPL52	NDUFA7	0
MRPL52	PSMB3	0
EFEMP2	PTRF	0
EFEMP2	TMEM255B	0
EFEMP2	TPM2	0
EFEMP2	ZNF853	0
EFEMP2	ARHGEF25	0
EFEMP2	SCARF2	0
EFEMP2	AGAP2-AS1	0
CCL19	IGHA2	0
CFL1	BRMS1	0
CFL1	DRAP1	0
CFL1	MOB2	0
CFL1	PSENEN	0
RPL38	MRPL11	0
RPL38	RPLP2	0
RPL38	RPS27	0
RPL38	RPS17	0
RPL38	RPL35A	0
RPL38	RPS23	0
RPL38	RPL14	0
RPL38	RPL37A	0
RPL38	RPL23A	0
RPL38	RPL39	0
RPL38	C11orf31	0
RPL38	RPS29	0
RPL38	UBA52	0
RPL38	EEF1B2P3	0
RPL38	RPS28	0
RPL38	SNHG6	0
RPL38	CNPY2	0
SP3	AURKAIP1	0
SP3	POLR2L	0
SP3	EXOSC4	0
SP3	BCOR	0
SP3	TSSC4	0
SP3	TET3	0
SP3	MRPL21	0
ZNF621	LRRC37A16P	0
RNASEH2C	NDUFA11	0
RNASEH2C	SEC24C	0
RNASEH2C	RPLP2	0
RNASEH2C	GADD45GIP1	0
RNASEH2C	TSSC4	0
RNASEH2C	ZNF358	0
RNASEH2C	CSNK2B	0
RNASEH2C	TXNDC5	0
ADH6	AQP11	0
MIR4435-1HG	LINC00152	0
TRMT112	RAPH1	0
TRMT112	BANF1	0
TRMT112	SART1	0
TRMT112	DRAP1	0
TRMT112	TSSC4	0
TRMT112	PSMD13	0
TRMT112	LTN1	0
TRMT112	CCDC167	0
TRMT112	C11orf31	0
TRMT112	GTF2I	0
ADCK5	PUF60	0
ADCK5	CYHR1	0
ADCK5	ZNF34	0
COMMD1	MRPL21	0
COMMD1	TMEM256	0
RAPH1	PIK3R4	0
RAPH1	LTN1	0
MMRN2	CD34	0
MMRN2	CLEC14A	0
MMRN2	CDH5	0
MMRN2	ST6GALNAC3	0
MMRN2	ARHGEF15	0
MMRN2	RP11-389C8.2	0
MMRN2	PECAM1	0
C1QB	C1QA	0
C1QB	CMKLR1	0
C1QB	UCP2	0
C1QB	CD163	0
C1QB	HCLS1	0
C1QB	CSF1R	0
C1QB	EVI2B	0
C1QB	LILRB4	0
C1QB	FAM26F	0
C1QB	HLA-DRB1	0
C1QB	MPEG1	0
C1QB	HLA-DOA	0
C1QB	HLA-DRA	0
C1QB	AIF1	0
C1QB	LST1	0
C1QB	GPSM3	0
C1QB	HLA-DPB1	0
C1QB	NFAM1	0
C1QB	HLA-DMB	0
C1QB	MILR1	0
C1QB	CCL4	0
C1QA	CMKLR1	0
C1QA	UCP2	0
C1QA	HCLS1	0
C1QA	CSF1R	0
C1QA	FAM26F	0
C1QA	GGTA1P	0
C1QA	AIF1	0
C1QA	LST1	0
C1QA	GPSM3	0
C1QA	HLA-DPB1	0
C1QA	PCED1B-AS1	0
C1QA	CCL4	0
SAA1	SAA2-SAA4	0
MINOS1	AURKAIP1	0
MINOS1	NDUFA13	0
PPP1R14B	PPP1R14BP3	0
SSSCA1	FKBP2	0
SSSCA1	DRAP1	0
SSSCA1	FAM89B	0
SSSCA1	NR2C2	0
SSSCA1	RPLP2	0
SSSCA1	EXOSC4	0
SSSCA1	TSSC4	0
SSSCA1	ITSN2	0
SSSCA1	UQCC3	0
FKBP2	PHC3	0
FKBP2	NDUFA11	0
FKBP2	DRAP1	0
FKBP2	AURKAIP1	0
FKBP2	NR2C2	0
FKBP2	RPLP2	0
FKBP2	POLR2L	0
FKBP2	NDUFV2	0
FKBP2	MOB2	0
FKBP2	TSSC4	0
FKBP2	NDUFA13	0
FKBP2	LAMTOR4	0
FKBP2	UBL5	0
FKBP2	UQCC3	0
FKBP2	SRA1	0
FKBP2	ANKRD18EP	0
FKBP2	C19orf24	0
FKBP2	PET100	0
FKBP2	GTF2I	0
FKBP2	CTB-131K11.1	0
FKBP2	NDUFA7	0
FKBP2	PSMB3	0
MST1	APOF	0
MST1	PIPOX	0
MST1	SERPINA11	0
MST1	ARID3C	0
CSPG4	GJC1	0
UQCRH	NDUFA12	0
UQCRH	UQCRHL	0
HEG1	F2R	0
HEG1	KIRREL	0
HEG1	COL15A1	0
USMG5	EIF3K	0
USMG5	SFXN4	0
USMG5	TMEM256	0
USMG5	TMA7	0
USMG5	RPS28	0
HOXB2	GPBAR1	0
HOXB2	SSC5D	0
HOXB2	F2R	0
HOXB2	BGN	0
HOXB2	C11orf96	0
HOXB2	COL14A1	0
HOXB2	DACT3	0
CCS	DHRS4L2	0
CCS	ZNF587	0
CD34	CLEC14A	0
CD34	CDH5	0
CD34	ARHGEF15	0
CD34	PECAM1	0
MSRB3	COL14A1	0
C16orf91	TMEM186	0
SELP	ACKR1	0
CTU2	APRT	0
ZNHIT2	NR2C2	0
ZNHIT2	POLR2L	0
ZNHIT2	EXOSC4	0
ZNHIT2	LSM10	0
ZNHIT2	GPATCH8	0
PODN	SSC5D	0
PODN	GAS1	0
PODN	F2R	0
PODN	BGN	0
PODN	THBS2	0
PODN	COL14A1	0
PODN	PRELP	0
PODN	LAMA2	0
PODN	DACT3	0
PODN	HAND2-AS1	0
PODN	ARHGEF25	0
PODN	INMT	0
PODN	SCARF2	0
PODN	AP000892.6	0
EXO1	KIF18B	0
EXO1	ARHGAP11A	0
EXO1	PRC1	0
EXO1	KIFC1	0
EXO1	UHRF1	0
GTF2IRD2B	GTF2IRD2	0
RPL4	RPL15	0
RPL4	RPS17	0
RPL4	RPL35A	0
RPL4	RPS23	0
RPL4	RPL14	0
RPL4	NACA	0
RPL4	RPL37A	0
RPL4	RPL23A	0
RPL4	RPL18AP3	0
RPL4	LYRM4	0
RPL4	RPL4P4	0
RPL4	EEF1B2P3	0
RPL4	RP11-234A1.1	0
MRPL11	COA4	0
MRPL11	CYHR1	0
MRPL11	CNPY2	0
GOLT1A	SLC51B	0
GOLT1A	SERPINA1	0
GOLT1A	PROX1-AS1	0
GOLT1A	RP11-465N4.4	0
GOLT1A	RP11-297L17.2	0
GOLT1A	CCL15	0
CMKLR1	CD163	0
CMKLR1	HCLS1	0
CMKLR1	P2RY13	0
CMKLR1	CSF1R	0
CMKLR1	EVI2B	0
CMKLR1	ARHGAP30	0
CMKLR1	LILRB4	0
CMKLR1	HLA-DQA1	0
CMKLR1	MPEG1	0
CMKLR1	HLA-DRA	0
CMKLR1	NFAM1	0
CMKLR1	HLA-DMB	0
CMKLR1	MILR1	0
BRMS1	RPLP2	0
BRMS1	MOB2	0
BRMS1	TSSC4	0
BRMS1	PSMD13	0
BRMS1	LAMTOR4	0
BRMS1	ARPC4	0
RPL15	RPL35A	0
RPL15	RPS23	0
RPL15	RPL14	0
RPL15	NACA	0
RPL15	RPL37A	0
RPL15	RPL23A	0
RPL15	RPL10A	0
RPL15	GNB2L1	0
RPL15	RPS18	0
RPL15	RP11-234A1.1	0
HRAS	CLTB	0
HRAS	SSNA1	0
HRAS	RPLP2	0
HRAS	MOB2	0
HRAS	TSSC4	0
HRAS	PSMD13	0
HRAS	NDUFA13	0
HRAS	LAMTOR4	0
HRAS	ZNF770	0
HRAS	UQCC3	0
HRAS	ARPC4	0
HRAS	PRAF2	0
HRAS	CORO7	0
HRAS	GTF2I	0
HRAS	FDX1L	0
HRAS	PSMB3	0
CD248	HIC1	0
CD248	LHFP	0
CD248	ARMCX2	0
NDUFA11	C19orf70	0
NDUFA11	SEC24C	0
NDUFA11	RPLP2	0
NDUFA11	GADD45GIP1	0
NDUFA11	MRPL54	0
NDUFA11	TSSC4	0
NDUFA11	NDUFA13	0
NDUFA11	LAMTOR4	0
NDUFA11	UBL5	0
NDUFA11	ZNF358	0
NDUFA11	C19orf24	0
NDUFA11	PET100	0
NDUFA11	RPS28	0
NDUFA11	FDX1L	0
NDUFA11	NDUFA7	0
PTDSS2	DEAF1	0
PTDSS2	MOB2	0
PTDSS2	AC005336.4	0
C19orf70	COX8A	0
C19orf70	RPLP2	0
C19orf70	EIF3K	0
C19orf70	GADD45GIP1	0
C19orf70	MOB2	0
C19orf70	MRPL54	0
C19orf70	TSSC4	0
C19orf70	NDUFA13	0
C19orf70	LAMTOR4	0
C19orf70	UBL5	0
C19orf70	ZNF358	0
C19orf70	UQCC3	0
C19orf70	NDUFS3	0
C19orf70	SMIM7	0
C19orf70	C19orf24	0
C19orf70	PET100	0
C19orf70	RPS28	0
C19orf70	FDX1L	0
C19orf70	NDUFA7	0
SEZ6L2	ASPHD1	0
UBE2C	AURKB	0
UBE2C	KIF18B	0
UBE2C	KIFC1	0
VCPIP1	YTHDF3	0
ZNF408	TSSC4	0
ARHGAP1	CCL15	0
ANKS4B	RP5-1033H22.2	0
BANF1	DRAP1	0
BANF1	C11orf31	0
EIF3F	RPLP2	0
EIF3F	RPL35A	0
EIF3F	RPL37A	0
EIF3F	RPL23A	0
EIF3F	RPL41	0
CLTB	EIF3K	0
CLTB	MOB2	0
CLTB	TSSC4	0
CLTB	NDUFA13	0
CLTB	LAMTOR4	0
CLTB	ZNF770	0
CLTB	UQCC3	0
CLTB	SRA1	0
SART1	DRAP1	0
SART1	TSSC4	0
SART1	CSNK2B	0
DRAP1	RPLP2	0
DRAP1	EXOSC4	0
DRAP1	MOB2	0
DRAP1	TSSC4	0
DRAP1	POM121	0
DRAP1	ZNF770	0
DRAP1	TMA7	0
DRAP1	GTF2I	0
DRAP1	PSMB3	0
UCP2	HCLS1	0
UCP2	TIGIT	0
UCP2	LCK	0
UCP2	GPR132	0
UCP2	APOBR	0
UCP2	PDE6G	0
UCP2	IKZF1	0
UCP2	EVI2B	0
UCP2	CD300LF	0
UCP2	ARHGAP30	0
UCP2	FAM26F	0
UCP2	CD3E	0
UCP2	AIF1	0
UCP2	LST1	0
UCP2	TRBV28	0
UCP2	TRBC2	0
UCP2	GPSM3	0
UCP2	HLA-DPB1	0
UCP2	NFAM1	0
UCP2	PLEKHO2	0
UCP2	PCED1B-AS1	0
UCP2	CCL4	0
NR2F1	NR2F1-AS1	0
AURKAIP1	B3GALT6	0
AURKAIP1	POLR2L	0
AURKAIP1	LAMTOR4	0
AURKAIP1	MRPL20	0
CTDNEP1	TIMM22	0
TUBB6	AGAP2-AS1	0
JAKMIP2	SPDYC	0
SSNA1	MAN1B1	0
SSNA1	MOB2	0
SSNA1	NELFB	0
SSNA1	ZNF770	0
CHMP6	MRPL12	0
ATAD5	KNTC1	0
ATAD5	KIF18B	0
ATAD5	XRCC2	0
ATAD5	WDHD1	0
ATAD5	PRC1	0
COX8A	EIF3K	0
COX8A	NDUFA12	0
COX8A	NDUFA13	0
COX8A	MRPL21	0
COX8A	UQCC3	0
COX8A	NDUFS3	0
COX8A	NDUFA7	0
CLEC14A	ARHGEF15	0
CLEC14A	SOX18	0
CLEC14A	ECSCR	0
CLEC14A	PECAM1	0
ACSF3	C16orf95	0
C8orf59	EXOSC4	0
C8orf59	PUF60	0
C8orf59	CYHR1	0
C8orf59	C8orf76	0
C8orf59	SNHG6	0
C8orf59	PSMB3	0
BASP1	GNG2	0
SEC24C	NR2C2	0
SEC24C	RPLP2	0
SEC24C	PLEKHM3	0
SEC24C	GADD45GIP1	0
SEC24C	SNRNP35	0
SEC24C	TSSC4	0
SEC24C	NDUFA13	0
SEC24C	POM121	0
SEC24C	MYO18A	0
SEC24C	ZNF770	0
SEC24C	UBL5	0
SEC24C	CSNK2B	0
SEC24C	UQCC3	0
SEC24C	ANKRD18EP	0
SEC24C	PET100	0
SEC24C	TXNDC5	0
SEC24C	MICAL3	0
SEC24C	RP11-274B21.2	0
SEC24C	RP11-676M6.1	0
SEC24C	RP11-384K6.6	0
SEC24C	GTF2I	0
SEC24C	CTB-131K11.1	0
SEC24C	FDX1L	0
SEC24C	NDUFA7	0
RHOG	ARPC4	0
RHOG	CORO7	0
HIC1	LHFP	0
HIC1	PRKG1	0
HIC1	LINC01197	0
ZFAS1	RPS17	0
ZFAS1	EPB41L4A-AS1	0
ERICH5	RP11-397G17.1	0
NR2C2	RPLP2	0
NR2C2	TSSC4	0
NR2C2	BCL9L	0
NR2C2	GPATCH8	0
NR2C2	POM121	0
NR2C2	ZNF770	0
NR2C2	UQCC3	0
NR2C2	ANKRD18EP	0
NR2C2	RP11-274B21.2	0
NR2C2	ZBED6	0
NR2C2	RP11-384K6.6	0
NR2C2	GTF2I	0
NR2C2	LRRC37A17P	0
NR2C2	LRRC37A16P	0
NR2C2	CICP14	0
GPR4	LHFP	0
GPR4	PRKG1	0
GPR4	NOTCH4	0
GPR4	ARHGAP23	0
PTRF	LHFP	0
PTRF	TMEM173	0
PTRF	PLAC9	0
PTRF	TPM2	0
PTRF	LINC01197	0
PTRF	AGAP2-AS1	0
ATOX1	DHRS4L2	0
ATOX1	SRA1	0
CD163	FPR3	0
CD163	MPEG1	0
RPLP2	EIF3K	0
RPLP2	GADD45GIP1	0
RPLP2	MOB2	0
RPLP2	RPS17	0
RPLP2	RPL35A	0
RPLP2	TSSC4	0
RPLP2	NDUFA13	0
RPLP2	RPS23	0
RPLP2	LAMTOR4	0
RPLP2	RPL14	0
RPLP2	POM121	0
RPLP2	RPL37A	0
RPLP2	ZNF770	0
RPLP2	UBL5	0
RPLP2	CSNK2B	0
RPLP2	GNB2L1	0
RPLP2	UQCC3	0
RPLP2	PSENEN	0
RPLP2	C11orf31	0
RPLP2	RPL18AP3	0
RPLP2	RPS29	0
RPLP2	MRPL23	0
RPLP2	UBA52	0
RPLP2	CTB-63M22.1	0
RPLP2	PET100	0
RPLP2	TMA7	0
RPLP2	RPL3P4	0
RPLP2	RPS28	0
RPLP2	RPL13AP20	0
RPLP2	ISY1	0
RPLP2	RPL36A	0
RPLP2	ARPC4	0
RPLP2	SNHG6	0
RPLP2	ZBED6	0
RPLP2	GTF2I	0
RPLP2	FDX1L	0
RPLP2	PSMB3	0
POLR2L	EXOSC4	0
POLR2L	MED14	0
POLR2L	LSM10	0
POLR2L	RUVBL2	0
POLR2L	PSMD13	0
POLR2L	GPATCH8	0
POLR2L	RPS19BP1	0
POLR2L	LAMTOR4	0
POLR2L	POM121	0
POLR2L	MRPL21	0
POLR2L	UQCC3	0
POLR2L	ANKRD18EP	0
POLR2L	C19orf24	0
POLR2L	TMA7	0
POLR2L	MRPL20	0
POLR2L	RP11-274B21.2	0
POLR2L	CTB-131K11.1	0
POLR2L	EGLN2	0
POLR2L	PSMB3	0
RPS27	RPL23A	0
RPS27	RPL10A	0
RPS27	RPL41	0
FAM26E	F2R	0
FAM26E	TCF4	0
FAM26E	ZNF521	0
FAM26E	ARHGEF15	0
FAM26E	NOTCH4	0
FAM26E	RP11-389C8.2	0
IMPDH2	RPS23	0
IMPDH2	RPL14	0
IMPDH2	RPL23A	0
IMPDH2	RPL10A	0
IMPDH2	RPS18	0
NDUFV2	SNRNP35	0
NDUFV2	BCL9L	0
NDUFV2	GPATCH8	0
NDUFV2	POM121	0
NDUFV2	GTF2I	0
PLEKHM3	MOB2	0
PLEKHM3	NDUFA13	0
PLEKHM3	MYO18A	0
PLEKHM3	ZNF770	0
PLEKHM3	HAUS7	0
PLEKHM3	INAFM1	0
DNAJC22	SOWAHB	0
DNAJC22	VWA7	0
DNAJC22	MORF4L1P1	0
DNAJC22	PROX1-AS1	0
CTD-2192J16.15	RPL15P3	0
CTD-2192J16.15	RPL10AP6	0
CTD-2192J16.15	RPL13AP20	0
CTD-2192J16.15	RP11-466H18.1	0
KCTD12	LBH	0
THBD	COL14A1	0
COX5A	NDUFA12	0
COX5A	ATP5J2	0
CPN2	PIPOX	0
CPN2	F2	0
CPN2	OXTR	0
CPN2	ABAT	0
CPN2	ACSM2A	0
CPN2	AGMO	0
CPN2	RNU1-70P	0
CPN2	SPDYC	0
CPN2	TM6SF2	0
CPN2	APOC4-APOC2	0
CPN2	U91324.1	0
CPN2	GSTA7P	0
CPN2	CD302	0
CPN2	F11-AS1	0
CPN2	RP11-468N14.3	0
CPN2	RP11-611O2.2	0
CPN2	RP11-209K10.2	0
CPN2	RP11-116D2.1	0
CPN2	RP11-1151B14.3	0
CPN2	RP11-141M3.6	0
MSC	RP11-383H13.1	0
EXOSC4	SHARPIN	0
EXOSC4	MAF1	0
EXOSC4	PUF60	0
EXOSC4	MED14	0
EXOSC4	RUVBL2	0
EXOSC4	GPATCH8	0
EXOSC4	CYHR1	0
EXOSC4	C8orf76	0
EXOSC4	MRPL21	0
EXOSC4	GPAA1	0
EXOSC4	C8orf82	0
EXOSC4	ANKRD18EP	0
EXOSC4	RP11-274B21.2	0
EXOSC4	BOP1	0
EXOSC4	PSMB3	0
TUFM	TMEM186	0
TUFM	APRT	0
TUFM	PAM16	0
EIF3K	GADD45GIP1	0
EIF3K	NDUFA12	0
EIF3K	NDUFA13	0
EIF3K	LAMTOR4	0
EIF3K	MRPL21	0
EIF3K	ZNF770	0
EIF3K	UBL5	0
EIF3K	UQCC3	0
EIF3K	NDUFS3	0
EIF3K	UBA52	0
EIF3K	RPS28	0
EIF3K	ATP5O	0
EIF3K	MEF2BNB	0
AURKB	MXD3	0
AURKB	KIFC1	0
EXOC3L1	FAM167B	0
EXOC3L1	ECSCR	0
DPM3	ANKRD18EP	0
DPM3	MRPS21	0
FARSA	ASNA1	0
GIMAP7	GIMAP1	0
GADD45GIP1	MRPL54	0
GADD45GIP1	TSSC4	0
GADD45GIP1	NDUFA13	0
GADD45GIP1	LAMTOR4	0
GADD45GIP1	ZNF770	0
GADD45GIP1	UBL5	0
GADD45GIP1	ZNF358	0
GADD45GIP1	CSNK2B	0
GADD45GIP1	TMEM256	0
GADD45GIP1	QTRT1	0
GADD45GIP1	C19orf24	0
GADD45GIP1	PET100	0
GADD45GIP1	RPS28	0
GADD45GIP1	TECRP1	0
GADD45GIP1	ARPC4	0
GADD45GIP1	FDX1L	0
GADD45GIP1	NDUFA7	0
HLA-DQB1	HLA-DRB1	0
HLA-DQB1	HLA-DQA1	0
LINC00174	RP11-458F8.4	0
SHARPIN	MAF1	0
SHARPIN	TIGD5	0
SHARPIN	PUF60	0
SHARPIN	FBXL6	0
SHARPIN	HSF1	0
SHARPIN	CYHR1	0
SHARPIN	C8orf76	0
SHARPIN	GPAA1	0
SHARPIN	HGH1	0
SHARPIN	GLI4	0
CIITA	TIGIT	0
CIITA	IKZF1	0
CIITA	ARHGAP30	0
MAF1	PUF60	0
MAF1	FBXL6	0
MAF1	HSF1	0
MAF1	SLC52A2	0
MAF1	CYHR1	0
MAF1	GPAA1	0
MAF1	HGH1	0
MAF1	GLI4	0
TPPP2	AL161668.5	0
PIPOX	F2	0
PIPOX	ABAT	0
PIPOX	ACSM2A	0
PIPOX	AGMO	0
PIPOX	ADH1A	0
PIPOX	SLC22A25	0
PIPOX	RP11-573D15.8	0
PIPOX	IL27	0
PIPOX	RNU1-70P	0
PIPOX	ASPDH	0
PIPOX	SPDYC	0
PIPOX	ARID3C	0
PIPOX	TM6SF2	0
PIPOX	IGSF23	0
PIPOX	APOC4-APOC2	0
PIPOX	U91324.1	0
PIPOX	GSTA7P	0
PIPOX	F11-AS1	0
PIPOX	RP11-115J16.1	0
PIPOX	CCND2P1	0
PIPOX	CTD-3098H1.2	0
PIPOX	RP11-209K10.2	0
PIPOX	RP11-1151B14.3	0
PIPOX	RP11-141M3.6	0
PIPOX	CCL16	0
FOXS1	TMEM119	0
FOXS1	DACT3	0
CDH5	ST6GALNAC3	0
CDH5	ZNF521	0
CDH5	ARHGEF15	0
CDH5	NOTCH4	0
CDH5	RP11-389C8.2	0
CDH5	PECAM1	0
CDH5	ARHGAP23	0
GIPC3	CLDN5	0
GIPC3	SOX18	0
TIGD5	ZFP41	0
TIGD5	CYHR1	0
TIGD5	GLI4	0
GPBAR1	SSC5D	0
GPBAR1	TMEM173	0
GPBAR1	PRELP	0
GPBAR1	DACT3	0
GPBAR1	ARHGEF25	0
GPBAR1	SCARF2	0
GPBAR1	AGAP2-AS1	0
PUF60	HSF1	0
PUF60	CYHR1	0
PUF60	C8orf76	0
PUF60	GPAA1	0
PUF60	BOP1	0
SSC5D	GAS1	0
SSC5D	F2R	0
SSC5D	LDOC1	0
SSC5D	BGN	0
SSC5D	SLC24A3	0
SSC5D	FLRT2	0
SSC5D	THBS2	0
SSC5D	COL14A1	0
SSC5D	PRELP	0
SSC5D	LAMA2	0
SSC5D	DACT3	0
SSC5D	RP11-588K22.2	0
MED14	GPATCH8	0
MED14	ANKRD18EP	0
MED14	RP11-274B21.2	0
F2	ACSM2A	0
F2	AGMO	0
F2	ADH1A	0
F2	SLC22A25	0
F2	APOC4-APOC2	0
F2	ORM2	0
F2	ORM1	0
F2	U91324.1	0
F2	APOC2	0
F2	RP11-468N14.3	0
F2	RP11-116D2.1	0
F2	RP11-1151B14.3	0
F2	RP5-849H19.3	0
HCLS1	SLC9A9	0
HCLS1	CSF1R	0
HCLS1	LCK	0
HCLS1	GPR132	0
HCLS1	IKZF1	0
HCLS1	EVI2B	0
HCLS1	ARHGAP30	0
HCLS1	CERKL	0
HCLS1	FAM26F	0
HCLS1	HLA-DQA1	0
HCLS1	MPEG1	0
HCLS1	CD3E	0
HCLS1	HLA-DRA	0
HCLS1	AIF1	0
HCLS1	LST1	0
HCLS1	IGKC	0
HCLS1	TRBV28	0
HCLS1	TRBC2	0
HCLS1	GPSM3	0
HCLS1	HLA-DPB1	0
HCLS1	NFAM1	0
HCLS1	PLEKHO2	0
HCLS1	HLA-DMB	0
HCLS1	PCED1B-AS1	0
HCLS1	MILR1	0
HCLS1	CCL4	0
HCLS1	TRAC	0
C11orf71	RP11-817O13.8	0
C11orf71	RP11-70D24.2	0
CYP8B1	ACSM5	0
CYP8B1	RP11-141M3.6	0
GAS1	F2R	0
GAS1	BGN	0
GAS1	FLRT2	0
GAS1	THBS2	0
GAS1	COL14A1	0
GAS1	PRELP	0
GAS1	LAMA2	0
GAS1	INMT	0
HIST1H2AC	HIST1H2BC	0
PRF1	CD247	0
PRF1	CCL5	0
ZNF443	ZNF799	0
SSR4	LAGE3	0
SSR4	MCTS1	0
SCRIB	ZNF696	0
OXTR	AGMO	0
F2R	UNC5C	0
F2R	BGN	0
F2R	KIRREL	0
F2R	PRKG1	0
F2R	THBS2	0
F2R	COL14A1	0
F2R	PRELP	0
F2R	PCDH18	0
F2R	LAMA2	0
F2R	TCF4	0
F2R	ZNF521	0
F2R	LBH	0
F2R	RP11-588K22.2	0
WASH1	C6orf1	0
RPL24P4	RP11-475C16.1	0
SETD2	UQCC3	0
P2RY13	MPEG1	0
ZFP41	ZNF696	0
LSM10	UQCC3	0
LSM10	C19orf24	0
TIGIT	LCK	0
TIGIT	SH2D1A	0
TIGIT	IKZF1	0
TIGIT	EVI2B	0
TIGIT	ARHGAP30	0
TIGIT	CXCR3	0
TIGIT	CD247	0
TIGIT	CD3E	0
TIGIT	TRBV28	0
TIGIT	TRBC2	0
TIGIT	GPSM3	0
TIGIT	PCED1B-AS1	0
TIGIT	CCL4	0
TIGIT	TRAC	0
NOP10	RPS19BP1	0
NOP10	UQCC3	0
NOP10	FIS1	0
NOP10	OST4	0
NOP10	RP11-274B21.2	0
UNC5C	LHFP	0
UNC5C	KIRREL	0
UNC5C	PRKG1	0
UNC5C	DOK6	0
UNC5C	RP11-588K22.2	0
MRPS16	SFXN4	0
ARL6IP4	CTD-2287O16.1	0
ARL6IP4	RP11-572P18.1	0
ARL6IP4	RPL3P4	0
ARL6IP4	AC007969.5	0
ARL6IP4	RPL6P27	0
MOB2	TSSC4	0
MOB2	PSMD13	0
MOB2	NDUFA13	0
MOB2	LAMTOR4	0
MOB2	ZNF770	0
MOB2	UQCC3	0
MOB2	ARPC4	0
MOB2	GTF2I	0
MOB2	PSMB3	0
FBXL6	CYHR1	0
FBXL6	HGH1	0
C1S	BX842568.2	0
BGN	SLC24A3	0
BGN	THBS2	0
BGN	COL14A1	0
BGN	PRELP	0
BGN	LAMA2	0
BGN	DACT3	0
BGN	INMT	0
BGN	SCARF2	0
CSF1R	GPR132	0
CSF1R	EVI2B	0
CSF1R	PTPLAD2	0
CSF1R	HLA-DQA1	0
CSF1R	HLA-DOA	0
CSF1R	HLA-DRA	0
CSF1R	HLA-DPB1	0
CSF1R	NFAM1	0
CSF1R	HLA-DMB	0
CSF1R	MILR1	0
ANXA2	ANXA2P2	0
RPS17	RPL35A	0
RPS17	RPS23	0
RPS17	RPL14	0
RPS17	RPL37A	0
RPS17	RPL23A	0
RPS17	RPL10A	0
RPS17	RPS29	0
RPS17	RPS18	0
RPS17	EEF1B2P3	0
RPS17	RP11-234A1.1	0
RPS17	SNHG6	0
CRIP2	KANK3	0
LCK	SH2D1A	0
LCK	APOBR	0
LCK	IKZF1	0
LCK	EVI2B	0
LCK	C16orf54	0
LCK	ARHGAP30	0
LCK	CXCR3	0
LCK	SPN	0
LCK	CD247	0
LCK	CD3E	0
LCK	TRBV28	0
LCK	TRBC2	0
LCK	GPSM3	0
LCK	APOBEC3G	0
LCK	PCED1B-AS1	0
LCK	CCL5	0
LCK	CCL4	0
LCK	TRAC	0
RPL35A	RPS23	0
RPL35A	RPL14	0
RPL35A	NACA	0
RPL35A	RPL37A	0
RPL35A	RPL23A	0
RPL35A	RPL39	0
RPL35A	GNB2L1	0
RPL35A	RPL18AP3	0
RPL35A	RPS29	0
RPL35A	UBA52	0
RPL35A	RP11-51O6.1	0
RPL35A	CTB-63M22.1	0
RPL35A	EEF1B2P3	0
RPL35A	RPL3P4	0
RPL35A	RPS28	0
RPL35A	RPL13AP20	0
RPL35A	RPL39P3	0
RPL35A	RPL6P27	0
RPL35A	RPL36A	0
RPL35A	RP11-234A1.1	0
RPL35A	RP11-466H18.1	0
GJC1	KIRREL	0
GJC1	OLFML2A	0
NAA38	NDUFA13	0
NAA38	TMEM256	0
SLC8A1	IKZF1	0
SLC8A1	GNG2	0
SLC8A1	PTPLAD2	0
SLC8A1	RCSD1	0
ABAT	ACSM2A	0
ABAT	SLC22A25	0
ABAT	ARID3C	0
ABAT	RP11-513G11.3	0
ABAT	F11-AS1	0
ABAT	RP11-468N14.3	0
RUVBL2	RP11-274B21.2	0
KIAA2026	PHF2	0
GPR132	APOBR	0
GPR132	IKZF1	0
GPR132	EVI2B	0
GPR132	SPN	0
GPR132	CARD11	0
GPR132	HLA-DOA	0
GPR132	HLA-DRA	0
GPR132	GPSM3	0
GPR132	HLA-DPB1	0
GPR132	NFAM1	0
GPR132	APOBEC3C	0
GPR132	PCED1B-AS1	0
FAM167B	SOX18	0
FAM167B	ECSCR	0
MRPL54	UBL5	0
MRPL54	ZNF358	0
MRPL54	PET100	0
MRPL54	RPS28	0
MRPL54	NDUFA7	0
NDUFB1	NDUFA13	0
NDUFB1	ATP5J2	0
NDUFB1	ZSCAN16-AS1	0
FAM101B	ARHGEF15	0
FAM101B	NOTCH4	0
FAM101B	RP11-389C8.2	0
LHFP	SLIT3	0
LHFP	TMEM173	0
LHFP	ARMCX2	0
LHFP	PRKG1	0
LHFP	COL14A1	0
LHFP	KAZN	0
LHFP	TCF4	0
LHFP	ZNF521	0
LHFP	ARHGEF25	0
LHFP	LINC01197	0
LHFP	AGAP2-AS1	0
LHFP	LINC00924	0
LHFP	RP11-588K22.2	0
LHFP	ARHGAP23	0
ACSM2A	CES1	0
ACSM2A	TM6SF2	0
ACSM2A	APOC4-APOC2	0
ACSM2A	U91324.1	0
ACSM2A	APOC2	0
ACSM2A	GSTA7P	0
ACSM2A	GSTA1	0
ACSM2A	HP	0
ACSM2A	RP11-798K3.2	0
ACSM2A	HPR	0
ACSM2A	RP11-141M3.6	0
KIRREL	PRKG1	0
KIRREL	COL4A1	0
KIRREL	PCDH18	0
KIRREL	AFAP1	0
KIRREL	TCF4	0
SH2D1A	IKZF1	0
SH2D1A	C16orf54	0
SH2D1A	ARHGAP30	0
SH2D1A	CXCR3	0
SH2D1A	CD247	0
SH2D1A	CD3E	0
SH2D1A	TRBV28	0
SH2D1A	TRBC2	0
SH2D1A	GPSM3	0
SH2D1A	PCED1B-AS1	0
SH2D1A	CCL5	0
SH2D1A	CCL4	0
SH2D1A	TRAC	0
ST6GALNAC3	PDE2A	0
ST6GALNAC3	ARHGEF15	0
ST6GALNAC3	RP11-389C8.2	0
UQCR10	NDUFA6	0
UQCR10	MRPL40	0
SNRNP35	NDUFA13	0
SNRNP35	POM121	0
SNRNP35	MRPL23	0
SNRNP35	PET100	0
ALDH1A3	THBS2	0
ALDH1A3	LAMA2	0
TSSC4	PSMD13	0
TSSC4	NDUFA13	0
TSSC4	LAMTOR4	0
TSSC4	POM121	0
TSSC4	MRPL21	0
TSSC4	ZNF770	0
TSSC4	UBL5	0
TSSC4	CSNK2B	0
TSSC4	UQCC3	0
TSSC4	ANKRD18EP	0
TSSC4	ISY1	0
TSSC4	ARPC4	0
TSSC4	GTF2I	0
TSSC4	CTB-131K11.1	0
TSSC4	NDUFA7	0
TSSC4	PSMB3	0
TSSC4	C11orf98	0
TSSC4	AC000123.2	0
SLIT3	COL14A1	0
SLIT3	ARHGAP23	0
TOP1MT	BOP1	0
THAP7	MRPL40	0
KNTC1	XRCC2	0
KNTC1	WDHD1	0
KNTC1	PRC1	0
KNTC1	UHRF1	0
TMEM255B	PLAC9	0
TMEM255B	TPM2	0
LPAR5	EVI2B	0
TMEM173	ARMCX2	0
TMEM173	COL14A1	0
TMEM173	PLEKHO2	0
TMEM173	LINC01197	0
TMEM173	ARHGAP23	0
CDCA2	KIF18B	0
CDCA2	XRCC2	0
CDCA2	ARHGAP11A	0
CDCA2	PRC1	0
CDCA2	TRIM59	0
CDCA2	KIFC1	0
CDCA2	UHRF1	0
APOBR	CD3E	0
APOBR	LST1	0
APOBR	TRBV28	0
APOBR	TRBC2	0
APOBR	GPSM3	0
APOBR	PCED1B-AS1	0
APOBR	TRAC	0
NDUFA12	NDUFA13	0
NDUFA12	NDUFS3	0
NDUFA12	ATP5O	0
SMIM10	FAM127C	0
ARMCX2	PRKG1	0
ARMCX2	COL14A1	0
ARMCX2	KAZN	0
ARMCX2	SCARF2	0
NDUFA6	MRPL40	0
SLC24A3	THBS2	0
SLC24A3	PRELP	0
SLC24A3	DACT3	0
FLRT2	THBS2	0
FLRT2	COL14A1	0
HSF1	GPAA1	0
HSF1	HGH1	0
HSF1	BOP1	0
MAPK11	MAPK12	0
PRKG1	OLFML2A	0
PRKG1	COL14A1	0
PRKG1	TCF4	0
PRKG1	ZNF521	0
PRKG1	LINC01197	0
PRKG1	RP11-588K22.2	0
OLFML2A	RP11-588K22.2	0
SP1	ARID2	0
PSMD13	GPATCH8	0
PSMD13	GTF2I	0
PSMD13	PSMB3	0
CTD-2287O16.1	RPL15P3	0
CTD-2287O16.1	RPL18AP3	0
CTD-2287O16.1	CTC-451P13.1	0
CTD-2287O16.1	RP11-572P18.1	0
CTD-2287O16.1	RP11-51O6.1	0
CTD-2287O16.1	AB019441.29	0
CTD-2287O16.1	RPL10AP6	0
CTD-2287O16.1	RP11-543P15.1	0
CTD-2287O16.1	CTB-63M22.1	0
CTD-2287O16.1	RPL4P4	0
CTD-2287O16.1	AC079922.2	0
CTD-2287O16.1	EEF1B2P3	0
CTD-2287O16.1	RPL3P4	0
CTD-2287O16.1	AC007969.5	0
CTD-2287O16.1	RPL13AP20	0
CTD-2287O16.1	RPL6P27	0
CTD-2287O16.1	RP11-175B9.3	0
CTD-2287O16.1	RP11-466H18.1	0
SLC52A2	LINC00152	0
IKZF1	EVI2B	0
IKZF1	C16orf54	0
IKZF1	ARHGAP30	0
IKZF1	CXCR3	0
IKZF1	CERKL	0
IKZF1	PTPLAD2	0
IKZF1	HLA-DQA1	0
IKZF1	SPN	0
IKZF1	RCSD1	0
IKZF1	CD247	0
IKZF1	CD3E	0
IKZF1	HLA-DOA	0
IKZF1	HLA-DRA	0
IKZF1	TRBV28	0
IKZF1	TRBC2	0
IKZF1	IGHG1	0
IKZF1	GPSM3	0
IKZF1	HLA-DPB1	0
IKZF1	NFAM1	0
IKZF1	PCED1B-AS1	0
IKZF1	CCL4	0
IKZF1	TRAC	0
EVI2B	ARHGAP30	0
EVI2B	CERKL	0
EVI2B	FAM26F	0
EVI2B	PTPLAD2	0
EVI2B	HLA-DQA1	0
EVI2B	SPN	0
EVI2B	HLA-DOA	0
EVI2B	HLA-DRA	0
EVI2B	GPSM3	0
EVI2B	HLA-DPB1	0
EVI2B	HLA-DPA1	0
EVI2B	NFAM1	0
EVI2B	HLA-DMB	0
EVI2B	PCED1B-AS1	0
EVI2B	MILR1	0
EVI2B	TRAC	0
ZNF829	ZNF568	0
C16orf54	CXCR3	0
C16orf54	SPN	0
C16orf54	CD3E	0
C16orf54	TRBV28	0
C16orf54	TRBC2	0
C16orf54	TRAC	0
NDUFA13	KRT10	0
NDUFA13	LAMTOR4	0
NDUFA13	POM121	0
NDUFA13	ZNF770	0
NDUFA13	UBL5	0
NDUFA13	UQCC3	0
NDUFA13	TMEM256	0
NDUFA13	NDUFS3	0
NDUFA13	MRPL23	0
NDUFA13	UBA52	0
NDUFA13	PET100	0
NDUFA13	RPS28	0
NDUFA13	ATP5J2	0
NDUFA13	MEF2BNB	0
NDUFA13	FDX1L	0
NDUFA13	NDUFA7	0
NDUFA13	EGLN2	0
CD300LF	LILRB4	0
CD300LF	HLA-DQA1	0
PIP5K1C	APOC4-APOC2	0
CYP4F2	HULC	0
POLR3C	RNF115	0
BCL9L	POM121	0
BCL9L	TRRAP	0
BCL9L	ZNF587	0
BCL9L	ANKRD18EP	0
BCL9L	RP11-274B21.2	0
BCL9L	RP11-384K6.6	0
BCL9L	GTF2I	0
BCL9L	PSMB3	0
KIF18B	XRCC2	0
KIF18B	WDHD1	0
KIF18B	ARHGAP11A	0
KIF18B	PRC1	0
KIF18B	KIFC1	0
KIF18B	UHRF1	0
SLC51B	RP11-465N4.4	0
SLC51B	CCL15	0
SOWAHB	SLC30A10	0
SOWAHB	NOS1AP	0
SOWAHB	VWA7	0
SOWAHB	MIR135A1	0
SOWAHB	LDHAP4	0
SOWAHB	MORF4L1P1	0
SOWAHB	TCEA1P2	0
SOWAHB	PROX1-AS1	0
SOWAHB	RP4-798P15.3	0
SOWAHB	RP11-273B20.1	0
SOWAHB	RP11-903H12.5	0
SOWAHB	SORD2P	0
SOWAHB	AC005336.4	0
SOWAHB	RP11-1151B14.2	0
SOWAHB	RP11-337C18.9	0
SOWAHB	RP11-428K3.1	0
SOWAHB	CCL15	0
SOWAHB	RP5-849H19.3	0
MST1P2	CROCCP2	0
THBS2	COL14A1	0
THBS2	PRELP	0
THBS2	LAMA2	0
THBS2	DACT3	0
THBS2	HAND2-AS1	0
THBS2	ARHGEF25	0
THBS2	INMT	0
THBS2	RP11-588K22.2	0
RPS23	RPL14	0
RPS23	RPL37A	0
RPS23	RPL23A	0
RPS23	GNB2L1	0
RPS23	EEF1B2P3	0
RPS23	SNHG6	0
GNG2	APOBEC3C	0
BTN3A2	PSMB8	0
ARHGAP30	FAM26F	0
ARHGAP30	CD3E	0
ARHGAP30	HLA-DOA	0
ARHGAP30	GPSM3	0
ARHGAP30	NFAM1	0
ARHGAP30	HLA-DMB	0
ARHGAP30	PCED1B-AS1	0
ARHGAP30	CCL4	0
ARHGAP30	TRAC	0
FOXD2	FOXD2-AS1	0
GPATCH8	POM121	0
GPATCH8	HELZ	0
GPATCH8	ANKRD18EP	0
GPATCH8	GTF2I	0
GPATCH8	PSMB3	0
ZFP91	PRAF2	0
SPIN4	WDHD1	0
CXCR3	SPN	0
CXCR3	CD3E	0
CXCR3	TRBV28	0
CXCR3	TRBC2	0
CXCR3	GPSM3	0
CXCR3	PCED1B-AS1	0
CXCR3	TRAC	0
LILRB4	HLA-DQA1	0
LILRB4	HLA-DOA	0
LILRB4	HLA-DRA	0
LILRB4	NFAM1	0
LILRB4	HLA-DMB	0
SERPINA11	U91324.1	0
ESPN	ABCC6P2	0
RPS19BP1	UQCC3	0
RSBN1L	POM121	0
FPR3	HLA-DQA1	0
FPR3	NFAM1	0
C11orf96	DACT3	0
AGMO	SPDYC	0
AGMO	U91324.1	0
AGMO	RP11-468N14.3	0
AGMO	RP11-611O2.2	0
AGMO	RP11-1151B14.3	0
TET3	NCOA6	0
TMEM220	SPDYC	0
TMEM220	TMEM220-AS1	0
CYHR1	C8orf76	0
CYHR1	GPAA1	0
CYHR1	CCDC167	0
CYHR1	SNHG6	0
CYHR1	GLI4	0
CYHR1	BOP1	0
COL14A1	PRELP	0
COL14A1	LAMA2	0
COL14A1	TCF4	0
COL14A1	DACT3	0
COL14A1	ZNF521	0
COL14A1	HAND2-AS1	0
COL14A1	INMT	0
COL14A1	LINC01197	0
COL14A1	RP11-588K22.2	0
COL14A1	AP000892.6	0
LAMTOR4	ZNF770	0
LAMTOR4	UBL5	0
LAMTOR4	UQCC3	0
LAMTOR4	ANKRD18EP	0
LAMTOR4	C19orf24	0
LAMTOR4	PET100	0
LAMTOR4	RPS28	0
LAMTOR4	ATP5J2	0
LAMTOR4	FDX1L	0
LAMTOR4	EGLN2	0
LAMTOR4	PSMB3	0
ZNF383	ZNF527	0
PDCD1	CD3E	0
PDCD1	TRBC2	0
PDCD1	TRAC	0
CERKL	PTPLAD2	0
CERKL	HLA-DRA	0
CERKL	HLA-DPB1	0
CERKL	HLA-DMB	0
H2AFX	MXD3	0
HBA2	HBB	0
PAQR9	PAQR9-AS1	0
PRELP	LAMA2	0
PRELP	DACT3	0
PRELP	HAND2-AS1	0
PRELP	ARHGEF25	0
PRELP	INMT	0
PRELP	AP000892.6	0
ZNF548	ZNF550	0
FAM26F	HLA-DOA	0
FAM26F	AIF1	0
FAM26F	LST1	0
FAM26F	GPSM3	0
FAM26F	HLA-DPB1	0
FAM26F	CCL4	0
RPL14	NACA	0
RPL14	RPL37A	0
RPL14	RPL12	0
RPL14	RPL23A	0
RPL14	RPL10A	0
RPL14	RPL39	0
RPL14	GNB2L1	0
RPL14	RPL18AP3	0
RPL14	RPS29	0
RPL14	RP11-51O6.1	0
RPL14	AB019441.29	0
RPL14	CTB-63M22.1	0
RPL14	RPS18	0
RPL14	EEF1B2P3	0
RPL14	RPS28	0
RPL14	RPL13AP20	0
RPL14	RPL39P3	0
RPL14	RPL36A	0
RPL14	RP11-234A1.1	0
RPL14	SNHG6	0
ZNF563	RP13-650J16.1	0
PTPLAD2	RCSD1	0
FAM35DP	RP11-1151B14.2	0
ZNF567	ZNF155	0
ARID2	PHF2	0
ARID2	NCOA6	0
PLAC9	TPM2	0
C8orf76	GPAA1	0
C8orf76	BOP1	0
C8orf76	PSMB3	0
HLA-DRB1	HLA-DQA1	0
HLA-DRB1	HLA-DRB5	0
HLA-DRB1	HLA-DRA	0
HLA-DRB1	HLA-DPB1	0
HLA-DRB1	HLA-DMB	0
S100A4	CARD16	0
S100A4	LST1	0
S100A4	TRBC2	0
S100A4	GPSM3	0
S100A4	PLEKHO2	0
S100A4	PCED1B-AS1	0
COLCA1	COLCA2	0
EEF1A1P5	EEF1A1P11	0
SIRPB2	HLA-DQA1	0
SIRPB2	HLA-DOA	0
PPIA	PPIAP22	0
POM121	TRRAP	0
POM121	MRPL21	0
POM121	ZNF770	0
POM121	UQCC3	0
POM121	MRPL23	0
POM121	ANKRD18EP	0
POM121	TMA7	0
POM121	RP11-274B21.2	0
POM121	RP11-676M6.1	0
POM121	RP11-384K6.6	0
POM121	GTF2I	0
POM121	CTB-131K11.1	0
POM121	LRRC37A16P	0
POM121	PSMB3	0
TRRAP	GTF2I	0
TRRAP	CICP14	0
THEM5	AL450992.2	0
NACA	RPL37A	0
NACA	RPL23A	0
NACA	RPL10A	0
NACA	GNB2L1	0
NACA	RPL18AP3	0
NACA	RP11-51O6.1	0
NACA	RPL41	0
NACA	CTB-63M22.1	0
NACA	EEF1B2P3	0
NACA	RP11-234A1.1	0
MYO18A	HAUS7	0
MYO18A	RP11-676M6.1	0
MYO18A	RP11-977G19.5	0
LAMA2	ZNF521	0
XRCC2	ARHGAP11A	0
XRCC2	PRC1	0
XRCC2	UHRF1	0
SLC22A25	SLC30A10	0
SLC22A25	APOC4-APOC2	0
SLC22A25	RP11-379B8.1	0
SLC22A25	U91324.1	0
SLC22A25	RP11-407B7.1	0
SLC22A25	CCND2P1	0
SLC22A25	RP11-273B20.1	0
SLC22A25	RP11-209K10.2	0
SLC22A25	RP11-384L8.1	0
SLC22A25	CCL15	0
ADH1B	RNU1-70P	0
ADH1B	TMEM220-AS1	0
TCF4	ZNF521	0
TCF4	NOTCH4	0
TCF4	LINC01197	0
TCF4	RP11-588K22.2	0
TTC30B	TTC30A	0
SLC30A10	RP11-337C18.9	0
TOMM7	RPL37A	0
TOMM7	UBA52	0
TOMM7	RPS28	0
NF1	HELZ	0
NF1	LRRC37A16P	0
HLA-DQA1	HLA-DOA	0
HLA-DQA1	HLA-DRA	0
HLA-DQA1	HLA-DPB1	0
HLA-DQA1	HLA-DPA1	0
HLA-DQA1	HLA-DMB	0
FLNA	ZNF469	0
LAGE3	MCTS1	0
LAGE3	FAM58A	0
CXorf40B	CXorf40A	0
ZNF420	ZNF461	0
RP11-573D15.8	ARID3C	0
ZNF772	ZNF134	0
RP11-452G18.2	RPS2P5	0
SERPINA1	CCL15	0
IL27	TM6SF2	0
IL27	RP11-798K3.2	0
IL27	LINC01127	0
MRPL21	UQCC3	0
MRPL21	ANKRD18EP	0
MRPL21	MRPL12	0
MRPL21	GTF2I	0
MRPL21	PSMB3	0
DACT3	ZNF853	0
DACT3	ARHGEF25	0
SPN	CD3E	0
SPN	TRAC	0
MIB2	CDK11B	0
RPL37A	RPL23A	0
RPL37A	RPL10A	0
RPL37A	RPL39	0
RPL37A	GNB2L1	0
RPL37A	RPL18AP3	0
RPL37A	RPS29	0
RPL37A	UBA52	0
RPL37A	RP11-51O6.1	0
RPL37A	RPL10AP6	0
RPL37A	RPL41	0
RPL37A	CTB-63M22.1	0
RPL37A	RPS18	0
RPL37A	EEF1B2P3	0
RPL37A	RPL3P4	0
RPL37A	RPS28	0
RPL37A	RPL13AP20	0
RPL37A	RPL39P3	0
RPL37A	RPL6P27	0
RPL37A	RPL36A	0
RPL37A	RP11-234A1.1	0
RPL37A	RP11-466H18.1	0
RPL37A	SNHG6	0
CYP2A13	CYP2A7	0
CYP2A13	CYP2A6	0
GPAA1	HGH1	0
GPAA1	BOP1	0
HIST1H2BK	HIST1H4I	0
RPL12	EEF1B2P3	0
RPS4X	RPL36A	0
AKR1B10	AKR1B15	0
CYP2A7	CYP2A6	0
TMEM229B	APOBEC3D	0
ZNF770	ITSN2	0
ZNF770	FAN1	0
ZNF770	UQCC3	0
ZNF770	ANKRD18EP	0
ZNF770	UBA52	0
ZNF770	ISY1	0
ZNF770	ARPC4	0
ZNF770	MICAL3	0
ZNF770	PRAF2	0
ZNF770	GTF2I	0
ZNF770	PSMB3	0
ZNF770	AC000123.2	0
RPL23A	RPL10A	0
RPL23A	RPL39	0
RPL23A	GNB2L1	0
RPL23A	RPL18AP3	0
RPL23A	RPS29	0
RPL23A	RPL41	0
RPL23A	RPS18	0
RPL23A	EEF1B2P3	0
RPL23A	RPL36A	0
RPL23A	SNHG6	0
RPL23A	RPL17	0
UBL5	PET100	0
UBL5	RPS28	0
UBL5	TECRP1	0
UBL5	FDX1L	0
UBL5	NDUFA7	0
HELZ	LRRC37A16P	0
ITSN2	UQCC3	0
MT1F	MT1M	0
TXNRD1	SRXN1	0
TPM2	AGAP2-AS1	0
WDHD1	PRC1	0
WDHD1	UHRF1	0
AKR1C4	RP11-445P17.6	0
AKR1C4	GSTA7P	0
MT-ND6	MT-ND5	0
MT-CO2	MT-CYB	0
MT-CO2	MT-ND4	0
MT-CO2	MT-ATP6	0
MT-CO2	MT-CO3	0
MT-CYB	MT-ND2	0
MT-CYB	MT-CO1	0
MT-CYB	MT-ND4	0
MT-CYB	MT-ND1	0
MT-CYB	MT-ATP6	0
MT-CYB	MT-CO3	0
RPL10A	RPL39	0
RPL10A	RPL41	0
RPL10A	RPS18	0
MT-ND2	MT-ND3	0
MT-ND2	MT-ND1	0
MT-ND5	MT-ND4	0
MT-ND5	MT-ND4L	0
ZNF521	NOTCH4	0
ZNF521	RP11-588K22.2	0
ZNF521	ARHGAP23	0
MT-CO1	MT-ND4	0
MT-CO1	MT-ATP6	0
MT-CO1	MT-CO3	0
MT-CO1	MT-RNR2	0
MT-CO1	MT-TP	0
MT-CO1	RP5-857K21.6	0
ZNF358	FDX1L	0
CD247	CD3E	0
CD247	TRBV28	0
CD247	TRBC2	0
CD247	PCED1B-AS1	0
CD247	CCL5	0
CD247	CCL4	0
CD247	TRAC	0
ARHGAP11A	PRC1	0
ARHGAP11A	KIFC1	0
ARHGAP11A	UHRF1	0
ARHGEF15	SOX18	0
ARHGEF15	NOTCH4	0
ARHGEF15	RP11-389C8.2	0
ARHGEF15	PECAM1	0
CES1	U91324.1	0
CES1	GSTA7P	0
CES1	HPR	0
CES1	CCL16	0
CD3E	LST1	0
CD3E	TRBV28	0
CD3E	TRBC2	0
CD3E	GPSM3	0
CD3E	PCED1B-AS1	0
CD3E	CCL5	0
CD3E	CCL4	0
CD3E	TRAC	0
LTN1	ARPC4	0
MT-ND4	MT-ND1	0
MT-ND4	MT-ATP6	0
MT-ND4	MT-CO3	0
MT-ND4	MT-ND4L	0
MT-ATP6	MT-CO3	0
PRC1	KIFC1	0
PRC1	UHRF1	0
RPL39	RPL18AP3	0
RPL39	AC079922.2	0
RPL39	RPL39P3	0
RPL39	RPL36A	0
RPL39	RP11-466H18.1	0
RPL39	SNHG6	0
NOS1AP	MIR135A1	0
NOS1AP	MORF4L1P1	0
NOS1AP	TCEA1P2	0
NOS1AP	PROX1-AS1	0
NOS1AP	C1orf226	0
NOS1AP	RP4-798P15.3	0
NOS1AP	RP11-903H12.5	0
NOS1AP	AC005336.4	0
NOS1AP	RP11-1151B14.2	0
NOS1AP	RP11-337C18.9	0
CCDC167	LSM2	0
SOX18	ECSCR	0
GGTA1P	AIF1	0
PFDN6	FKBPL	0
PFDN6	RP11-140K17.3	0
OXLD1	C17orf89	0
OXLD1	MRPL12	0
HLA-DOA	HLA-DRA	0
HLA-DOA	HLA-DPB1	0
HLA-DOA	HLA-DPA1	0
HLA-DOA	NFAM1	0
HLA-DOA	HLA-DMB	0
PSMB8-AS1	PSMB8	0
PSMB8-AS1	HLA-F	0
PSMB8	HLA-C	0
PSMB8	HLA-F	0
PSMB8	HLA-A	0
PSMB8	HLA-B	0
PSMB8	PSMB9	0
HLA-DRA	AIF1	0
HLA-DRA	GPSM3	0
HLA-DRA	HLA-DPB1	0
HLA-DRA	HLA-DPA1	0
HLA-DRA	NFAM1	0
HLA-DRA	HLA-DMB	0
HLA-DRA	MILR1	0
NOTCH4	RP11-389C8.2	0
NOTCH4	PECAM1	0
NOTCH4	ARHGAP23	0
FKBPL	NELFE	0
SP5	LINC01124	0
LSM2	CSNK2B	0
LSM2	NFKBIL1	0
LSM2	GNL1	0
LSM2	RPS18	0
VWA7	MORF4L1P1	0
VWA7	KRT8P3	0
CARD16	LST1	0
CARD16	TRBV28	0
CARD16	TRBC2	0
CARD16	PCED1B-AS1	0
CSNK2B	NFKBIL1	0
CSNK2B	GNL1	0
CSNK2B	GTF2I	0
APOM	PRODH2	0
AIF1	LST1	0
AIF1	GPSM3	0
AIF1	HLA-DPB1	0
AIF1	HLA-DMB	0
AIF1	PCED1B-AS1	0
LST1	TRBV28	0
LST1	TRBC2	0
LST1	GPSM3	0
LST1	HLA-DPB1	0
LST1	PCED1B-AS1	0
LST1	CCL4	0
NFKBIL1	GNL1	0
HLA-C	HLA-B	0
GNL1	ZBED6	0
HLA-E	HLA-F	0
HLA-E	HLA-A	0
HLA-E	HLA-B	0
GNB2L1	RPL18AP3	0
GNB2L1	UBA52	0
GNB2L1	EPB41L4A-AS1	0
GNB2L1	CTB-63M22.1	0
GNB2L1	RPS28	0
GNB2L1	RPL36A	0
GNB2L1	RP11-234A1.1	0
GNB2L1	SNHG6	0
GNB2L1	TRIM52-AS1	0
HLA-F	HLA-B	0
HLA-F	PSMB9	0
SPDYC	RP11-611O2.2	0
SPDYC	RP13-650J16.1	0
SPDYC	RP11-141M3.6	0
ZNF155	ANKRD18EP	0
UQCC3	ANKRD18EP	0
UQCC3	NDUFA7	0
ARHGEF34P	OR2A1-AS1	0
SDHAF1	FIS1	0
PSMB10	PSMB9	0
SARNP	RP11-977G19.5	0
TMEM256	PET100	0
LCMT1	RNPS1	0
HLA-H	HLA-B	0
HLA-A	HLA-B	0
MIR135A1	MORF4L1P1	0
MIR135A1	RP11-407B7.1	0
MIR135A1	TCEA1P2	0
MIR135A1	PROX1-AS1	0
MIR135A1	LINC00870	0
MIR135A1	RP11-273B20.1	0
MIR135A1	RP11-903H12.5	0
MIR135A1	HSP90B2P	0
MIR135A1	RP11-1151B14.2	0
MIR135A1	RP11-337C18.9	0
MIR135A1	RP11-428K3.1	0
MIR135A1	CCL15	0
MT-RNR2	MT-RNR1	0
MT-RNR2	MTRNR2L12	0
C11orf31	CNPY2	0
MT-RNR1	MTRNR2L12	0
IGKC	IGKV4-1	0
IGKC	IGLV6-57	0
IGKC	IGLV1-51	0
IGKC	IGLV1-44	0
IGKC	IGLV1-40	0
IGKC	IGLV2-23	0
IGKC	IGLV3-21	0
IGKC	IGLV3-19	0
IGKC	IGLV2-14	0
IGKC	IGLV2-11	0
IGKC	IGLC2	0
IGKC	IGLC3	0
IGKC	IGHG4	0
IGKC	IGHG2	0
IGKC	IGHA1	0
IGKC	IGHG1	0
IGKC	IGHG3	0
IGKC	IGHM	0
IGKC	IGHV5-51	0
IGKC	IGHV4-59	0
IGKC	IGHV3-74	0
IGKC	IGKV3-20	0
IGKC	IGKV1-16	0
IGKC	IGKV2-24	0
IGKC	IGKV3-11	0
IGKC	IGKV1-9	0
IGKC	IGKV1-5	0
IGKC	IGKV3-15	0
IGKC	IGLL5	0
IGKC	IGHV3-30	0
IGKV4-1	IGLV2-23	0
IGKV4-1	IGLV3-19	0
IGKV4-1	IGLC2	0
IGKV4-1	IGHG4	0
IGKV4-1	IGHG1	0
IGKV4-1	IGHG3	0
IGKV4-1	IGHV3-23	0
IGKV4-1	IGHV5-51	0
IGKV4-1	IGKV3-20	0
IGKV4-1	IGKV1-5	0
IGLV6-57	IGLV1-44	0
IGLV6-57	IGLV1-40	0
IGLV6-57	IGLV2-23	0
IGLV6-57	IGLV3-19	0
IGLV6-57	IGLV2-11	0
IGLV6-57	IGLC2	0
IGLV6-57	IGLC3	0
IGLV6-57	IGHG2	0
IGLV6-57	IGHG1	0
IGLV6-57	IGHV1-2	0
IGLV6-57	IGHV1-18	0
IGLV6-57	IGHV3-21	0
IGLV6-57	IGHV3-23	0
IGLV6-57	IGHV5-51	0
IGLV6-57	IGKV3-20	0
IGLV6-57	IGKV1-9	0
IGLV6-57	IGKV1-5	0
IGLV6-57	IGKV3-15	0
IGLV1-51	IGLC2	0
IGLV1-51	IGLC3	0
IGLV1-51	IGHG2	0
IGLV1-51	IGHG1	0
IGLV1-51	IGHG3	0
IGLV1-51	IGHM	0
IGLV1-51	IGLL5	0
IGLV1-47	IGLV3-21	0
IGLV1-47	IGLV3-19	0
IGLV1-47	IGHV5-51	0
IGLV1-47	IGKV1-5	0
IGLV1-44	IGLV1-40	0
IGLV1-44	IGLV3-21	0
IGLV1-44	IGLV3-19	0
IGLV1-44	IGLV2-14	0
IGLV1-44	IGLV2-11	0
IGLV1-44	IGLC2	0
IGLV1-44	IGLC3	0
IGLV1-44	IGHG1	0
IGLV1-44	IGHG3	0
IGLV1-44	IGHV5-51	0
IGLV1-44	IGHV3-74	0
IGLV1-44	IGKV3-11	0
IGLV1-44	IGLL5	0
IGLV1-40	IGLV2-23	0
IGLV1-40	IGLV3-19	0
IGLV1-40	IGLV2-11	0
IGLV1-40	IGLC2	0
IGLV1-40	IGLC3	0
IGLV1-40	IGHG2	0
IGLV1-40	IGHG1	0
IGLV1-40	IGHG3	0
IGLV1-40	IGHV5-51	0
IGLV1-40	IGHV4-59	0
IGLV1-40	IGKV3-11	0
IGLV1-40	IGKV1-5	0
IGLV1-40	IGLL5	0
IGLV3-25	IGLV3-19	0
IGLV3-25	IGHV3-74	0
IGLV3-25	IGKV3-20	0
IGLV2-23	IGLV3-19	0
IGLV2-23	IGLV2-11	0
IGLV2-23	IGLC2	0
IGLV2-23	IGLC3	0
IGLV2-23	IGHG4	0
IGLV2-23	IGHG1	0
IGLV2-23	IGHV5-51	0
IGLV2-23	IGKV3-20	0
IGLV2-23	IGKV1-9	0
IGLV2-23	IGKV1-5	0
IGLV3-21	IGLV3-19	0
IGLV3-21	IGLC2	0
IGLV3-21	IGLC3	0
IGLV3-21	IGHG1	0
IGLV3-21	IGHV4-59	0
IGLV3-21	IGKV2-24	0
IGLV3-21	IGKV1-9	0
IGLV3-21	IGLL5	0
IGLV3-19	IGLV2-11	0
IGLV3-19	IGLC2	0
IGLV3-19	IGLC3	0
IGLV3-19	IGHG4	0
IGLV3-19	IGHG2	0
IGLV3-19	IGHG1	0
IGLV3-19	IGHG3	0
IGLV3-19	IGHV5-51	0
IGLV3-19	IGHV3-74	0
IGLV3-19	IGKV3-20	0
IGLV3-19	IGKV3-11	0
IGLV3-19	IGKV1-5	0
IGLV3-19	IGLL5	0
IGLV2-14	IGLC2	0
IGLV2-14	IGLC3	0
IGLV2-14	IGHA2	0
IGLV2-14	IGHG2	0
IGLV2-14	IGHG1	0
IGLV2-14	IGHG3	0
IGLV2-14	IGHV5-51	0
IGLV2-14	IGLL5	0
IGLV2-14	IGHV3-30	0
IGLV2-11	IGLC2	0
IGLV2-11	IGHG1	0
IGLV2-11	IGHG3	0
IGLV2-11	IGHV5-51	0
IGLV2-11	IGKV3-20	0
IGLV2-11	IGKV2-24	0
IGLV2-11	IGKV1-5	0
IGLV3-10	IGHG2	0
IGLV3-1	IGLC2	0
IGLV3-1	IGHV3-74	0
IGLV3-1	IGKV3-20	0
IGLC2	IGLC3	0
IGLC2	IGHG4	0
IGLC2	IGHG2	0
IGLC2	IGHA1	0
IGLC2	IGHG1	0
IGLC2	IGHG3	0
IGLC2	IGHM	0
IGLC2	IGHV5-51	0
IGLC2	IGHV4-59	0
IGLC2	IGKV3-20	0
IGLC2	IGKV1-16	0
IGLC2	IGKV2-24	0
IGLC2	IGKV3-11	0
IGLC2	IGKV1-9	0
IGLC2	IGKV1-5	0
IGLC2	IGLL5	0
IGLC2	IGHV3-30	0
IGLC3	IGHG4	0
IGLC3	IGHG2	0
IGLC3	IGHA1	0
IGLC3	IGHG1	0
IGLC3	IGHG3	0
IGLC3	IGHM	0
IGLC3	IGKV3-20	0
IGLC3	IGKV2-24	0
IGLC3	IGKV3-11	0
IGLC3	IGKV1-9	0
IGLC3	IGKV1-5	0
IGLC3	IGLL5	0
IGLC3	IGHV3-30	0
TRBV28	TRBC2	0
TRBV28	GPSM3	0
TRBV28	LTB	0
TRBV28	PCED1B-AS1	0
TRBV28	CCL5	0
TRBV28	CCL4	0
TRBV28	TRAC	0
TRBC2	GPSM3	0
TRBC2	HLA-DPB1	0
TRBC2	LTB	0
TRBC2	PCED1B-AS1	0
TRBC2	CCL5	0
TRBC2	CCL4	0
TRBC2	TRAC	0
IGHA2	IGHA1	0
IGHG4	IGHG1	0
IGHG4	IGHV5-51	0
IGHG4	IGHV3-74	0
IGHG4	IGKV3-20	0
IGHG4	IGKV3-11	0
IGHG4	IGKV1-5	0
IGHG2	IGHA1	0
IGHG2	IGHG1	0
IGHG2	IGHG3	0
IGHG2	IGHM	0
IGHG2	IGKV3-20	0
IGHG2	IGKV3-11	0
IGHG2	IGLL5	0
IGHA1	IGHG3	0
IGHA1	IGHD	0
IGHA1	IGHM	0
IGHG1	IGHG3	0
IGHG1	IGHM	0
IGHG1	IGHV1-18	0
IGHG1	IGHV3-23	0
IGHG1	IGHV1-24	0
IGHG1	IGHV5-51	0
IGHG1	IGHV4-59	0
IGHG1	IGKV3-20	0
IGHG1	IGKV1-16	0
IGHG1	IGKV2-24	0
IGHG1	IGKV3-11	0
IGHG1	IGKV1-9	0
IGHG1	IGKV1-5	0
IGHG1	IGKV3-15	0
IGHG1	IGLL5	0
IGHG1	IGHV3-30	0
IGHG3	IGHM	0
IGHG3	IGHV5-51	0
IGHG3	IGKV3-20	0
IGHG3	IGKV2-24	0
IGHG3	IGKV3-11	0
IGHG3	IGKV1-9	0
IGHG3	IGKV1-5	0
IGHG3	IGLL5	0
IGHM	IGKV3-11	0
IGHM	IGLL5	0
IGHV1-2	IGHV3-21	0
IGHV1-2	IGKV1-9	0
IGHV1-18	IGHV3-21	0
IGHV1-18	IGHV3-23	0
IGHV1-18	IGKV1-9	0
IGHV1-18	IGKV1-5	0
IGHV1-18	IGHV1-69-2	0
IGHV3-21	IGHV3-23	0
IGHV3-21	IGHV1-24	0
IGHV3-21	IGHV4-59	0
IGHV3-21	IGKV3-15	0
IGHV3-23	IGHV5-51	0
IGHV3-23	IGKV3-20	0
IGHV3-23	IGKV3-11	0
IGHV3-23	IGKV1-5	0
IGHV5-51	IGHV3-74	0
IGHV5-51	IGKV3-20	0
IGHV5-51	IGKV3-11	0
IGHV5-51	IGKV1-5	0
RPL15P3	RPL18AP3	0
RPL15P3	CTC-451P13.1	0
RPL15P3	RP11-572P18.1	0
RPL15P3	RP11-51O6.1	0
RPL15P3	AB019441.29	0
RPL15P3	RPL10AP6	0
RPL15P3	RP11-543P15.1	0
RPL15P3	CTB-63M22.1	0
RPL15P3	RPL4P4	0
RPL15P3	AC079922.2	0
RPL15P3	EEF1B2P3	0
RPL15P3	RPL3P4	0
RPL15P3	AC007969.5	0
RPL15P3	RPL13AP20	0
RPL15P3	RPL6P27	0
RPL15P3	RP11-175B9.3	0
RPL15P3	RP11-466H18.1	0
MT-ND4L	MT-ATP8	0
RPL18AP3	UBA52	0
RPL18AP3	RP11-51O6.1	0
RPL18AP3	AB019441.29	0
RPL18AP3	RPL10AP6	0
RPL18AP3	CTB-63M22.1	0
RPL18AP3	AC079922.2	0
RPL18AP3	EEF1B2P3	0
RPL18AP3	RPL3P4	0
RPL18AP3	AC007969.5	0
RPL18AP3	RPL13AP20	0
RPL18AP3	RPL39P3	0
RPL18AP3	RPL6P27	0
RPL18AP3	RPL36A	0
RPL18AP3	RP11-234A1.1	0
RPL18AP3	RP11-466H18.1	0
ARL2	ISY1	0
NDUFS3	ATP5O	0
GPSM3	HLA-DPB1	0
GPSM3	NFAM1	0
GPSM3	PLEKHO2	0
GPSM3	HLA-DMB	0
GPSM3	PCED1B-AS1	0
GPSM3	CCL4	0
GPSM3	TRAC	0
CTC-451P13.1	RP11-572P18.1	0
CTC-451P13.1	RP11-51O6.1	0
CTC-451P13.1	AB019441.29	0
CTC-451P13.1	RPL10AP6	0
CTC-451P13.1	RP11-543P15.1	0
CTC-451P13.1	AC079922.2	0
CTC-451P13.1	EEF1B2P3	0
CTC-451P13.1	RPL3P4	0
CTC-451P13.1	AC007969.5	0
CTC-451P13.1	RPL13AP20	0
CTC-451P13.1	RPL6P27	0
CTC-451P13.1	RP11-175B9.3	0
CTC-451P13.1	RP11-466H18.1	0
UGT2B11	RP11-704M14.1	0
UBD	OR2I1P	0
RP11-15H20.6	IPO5P1	0
TM6SF2	HPR	0
MRPL23	PET100	0
LDHAP4	MORF4L1P1	0
LDHAP4	TCEA1P2	0
LDHAP4	KRT8P3	0
ANG	RNASE4	0
RPL7P1	RPL39P3	0
ANKRD18EP	C19orf24	0
ANKRD18EP	RP11-274B21.2	0
ANKRD18EP	GTF2I	0
ANKRD18EP	CTB-131K11.1	0
ANKRD18EP	PSMB3	0
MORF4L1P1	TCEA1P2	0
MORF4L1P1	PROX1-AS1	0
MORF4L1P1	HNF1A-AS1	0
MORF4L1P1	RP4-798P15.3	0
MORF4L1P1	KRT8P3	0
MORF4L1P1	RP11-273B20.1	0
MORF4L1P1	RP11-903H12.5	0
MORF4L1P1	AC005336.4	0
MORF4L1P1	RP11-1151B14.2	0
MORF4L1P1	RP11-337C18.9	0
MORF4L1P1	RP11-428K3.1	0
MORF4L1P1	CTD-2396E7.11	0
MORF4L1P1	CCL15	0
RP11-572P18.1	RP11-51O6.1	0
RP11-572P18.1	AB019441.29	0
RP11-572P18.1	RPL10AP6	0
RP11-572P18.1	RP11-543P15.1	0
RP11-572P18.1	CTB-63M22.1	0
RP11-572P18.1	AC079922.2	0
RP11-572P18.1	EEF1B2P3	0
RP11-572P18.1	RPL3P4	0
RP11-572P18.1	AC007969.5	0
RP11-572P18.1	RPL13AP20	0
RP11-572P18.1	RPL6P27	0
RP11-572P18.1	RP11-175B9.3	0
RP11-572P18.1	RP11-466H18.1	0
UBA52	RPS28	0
UBA52	RPL36A	0
EXOC3-AS1	RP11-266L9.8	0
HLA-DPB1	HLA-DPA1	0
HLA-DPB1	NFAM1	0
HLA-DPB1	PLEKHO2	0
HLA-DPB1	HLA-DMB	0
HLA-DPB1	PCED1B-AS1	0
RP4-710M16.2	APOC4-APOC2	0
RP4-710M16.2	RP11-407B7.1	0
RP4-710M16.2	LINC00870	0
RP4-710M16.2	RP11-273B20.1	0
RP4-710M16.2	CCL15	0
SNHG14	PWAR6	0
RP5-1033H22.2	SMIM1	0
IGHV4-59	IGHV3-30	0
C4B	C4A	0
HNRNPA1P48	RP11-234A1.1	0
RP11-51O6.1	AB019441.29	0
RP11-51O6.1	RPL10AP6	0
RP11-51O6.1	RP11-543P15.1	0
RP11-51O6.1	CTB-63M22.1	0
RP11-51O6.1	RPL4P4	0
RP11-51O6.1	AC079922.2	0
RP11-51O6.1	EEF1B2P3	0
RP11-51O6.1	RPL3P4	0
RP11-51O6.1	AC007969.5	0
RP11-51O6.1	RPL13AP20	0
RP11-51O6.1	RPL39P3	0
RP11-51O6.1	RPL6P27	0
RP11-51O6.1	RP11-175B9.3	0
RP11-51O6.1	RP11-234A1.1	0
RP11-51O6.1	RP11-466H18.1	0
IGHV3-74	IGKV3-20	0
IGHV3-74	IGKV2-24	0
IGHV3-74	IGKV3-11	0
C17orf89	MRPL12	0
APOC4-APOC2	RP11-15I11.3	0
APOC4-APOC2	U91324.1	0
APOC4-APOC2	RP11-407B7.1	0
APOC4-APOC2	APOC2	0
APOC4-APOC2	GSTA7P	0
APOC4-APOC2	LINC00870	0
APOC4-APOC2	RP11-468N14.3	0
APOC4-APOC2	RP11-706C16.7	0
APOC4-APOC2	RP11-273B20.1	0
APOC4-APOC2	RP11-209K10.2	0
APOC4-APOC2	RP11-116D2.1	0
APOC4-APOC2	RP11-1151B14.3	0
APOC4-APOC2	CCL15	0
APOC4-APOC2	RP5-849H19.3	0
AB019441.29	RPL10AP6	0
AB019441.29	RP11-543P15.1	0
AB019441.29	CTB-63M22.1	0
AB019441.29	RPL4P4	0
AB019441.29	AC079922.2	0
AB019441.29	RPL3P4	0
AB019441.29	AC007969.5	0
AB019441.29	RPL13AP20	0
AB019441.29	RPL6P27	0
AB019441.29	RP11-234A1.1	0
AB019441.29	RP11-466H18.1	0
CH17-118O6.2	LINC00869	0
RP11-15I11.3	RP11-209K10.2	0
RPL10AP6	RP11-543P15.1	0
RPL10AP6	CTB-63M22.1	0
RPL10AP6	RPL4P4	0
RPL10AP6	AC079922.2	0
RPL10AP6	EEF1B2P3	0
RPL10AP6	RPL3P4	0
RPL10AP6	AC007969.5	0
RPL10AP6	RPL13AP20	0
RPL10AP6	RPL6P27	0
RPL10AP6	RP11-175B9.3	0
RPL10AP6	RP11-234A1.1	0
RPL10AP6	RP11-466H18.1	0
RP11-379B8.1	LINC00574	0
RP11-379B8.1	RP11-273B20.1	0
FTLP3	FTLP2	0
RP11-543P15.1	AC079922.2	0
RP11-543P15.1	RPL3P4	0
RP11-543P15.1	AC007969.5	0
RP11-543P15.1	RPL13AP20	0
RP11-543P15.1	RPL6P27	0
RP11-543P15.1	RP11-175B9.3	0
RP11-543P15.1	RP11-466H18.1	0
GAPDHP1	RP11-159J3.1	0
ORM2	ORM1	0
ORM2	RP5-966M1.6	0
ORM2	HP	0
ORM2	RP11-116D2.1	0
C19orf24	RPS28	0
C19orf24	FDX1L	0
C19orf24	NDUFA7	0
UGT1A2P	UGT1A1	0
UGT1A2P	UGT1A4	0
RP11-344P13.4	CTD-2350C19.2	0
RPL41	RPL41P5	0
CTB-63M22.1	RPL4P4	0
CTB-63M22.1	AC079922.2	0
CTB-63M22.1	EEF1B2P3	0
CTB-63M22.1	RPL3P4	0
CTB-63M22.1	AC007969.5	0
CTB-63M22.1	RPL13AP20	0
CTB-63M22.1	RPL6P27	0
CTB-63M22.1	RPL36A	0
CTB-63M22.1	RP11-234A1.1	0
CTB-63M22.1	RP11-466H18.1	0
LINC00242	LINC00574	0
ORM1	RP5-966M1.6	0
ORM1	HP	0
RPL4P4	RPL3P4	0
RPL4P4	RPL13AP20	0
RPL4P4	RPL6P27	0
RPL4P4	RP11-466H18.1	0
U91324.1	APOC2	0
U91324.1	GSTA7P	0
U91324.1	CCND2P1	0
U91324.1	CTD-3098H1.2	0
U91324.1	HPR	0
U91324.1	RP11-141M3.6	0
U91324.1	CCL16	0
PET100	TMA7	0
PET100	RPS28	0
PET100	TECRP1	0
PET100	CNPY2	0
PET100	FDX1L	0
PET100	NDUFA7	0
RP11-284F21.7	RP11-284F21.10	0
AC016708.2	CTC-575D19.1	0
RP11-407B7.1	LINC00574	0
RP11-407B7.1	RP11-273B20.1	0
RP11-407B7.1	RP11-384L8.1	0
RP11-407B7.1	CCL15	0
RP11-35N6.6	RP11-273B20.1	0
TCEA1P2	RP4-798P15.3	0
TCEA1P2	RP11-273B20.1	0
TCEA1P2	AC005336.4	0
TCEA1P2	RP11-1151B14.2	0
TCEA1P2	RP11-337C18.9	0
PROX1-AS1	RP11-273B20.1	0
PROX1-AS1	RP11-903H12.5	0
PROX1-AS1	RP11-1151B14.2	0
PROX1-AS1	RP11-337C18.9	0
PROX1-AS1	RP11-428K3.1	0
PROX1-AS1	CCL15	0
RP11-274B21.4	RP11-274B21.2	0
AC016700.5	CTC-297N7.9	0
AC016700.5	RP13-650J16.1	0
HLA-DPA1	HLA-DMB	0
RPS18	RPL36A	0
RPS18	RP11-234A1.1	0
RPS18	RP11-425L10.1	0
RP5-827C21.4	SNHG19	0
LINC00574	RP11-273B20.1	0
LINC00574	CCL15	0
AC079922.2	RPL3P4	0
AC079922.2	AC007969.5	0
AC079922.2	RPL13AP20	0
AC079922.2	RPL6P27	0
AC079922.2	RP11-175B9.3	0
AC079922.2	RP11-466H18.1	0
HS1BP3-IT1	RP11-130L8.2	0
TMA7	PSMB3	0
EEF1B2P3	RPL3P4	0
EEF1B2P3	RPL13AP20	0
EEF1B2P3	RPL6P27	0
EEF1B2P3	RP11-175B9.3	0
EEF1B2P3	RP11-234A1.1	0
EEF1B2P3	RP11-466H18.1	0
RPL3P4	AC007969.5	0
RPL3P4	RPL13AP20	0
RPL3P4	RPL6P27	0
RPL3P4	RP11-175B9.3	0
RPL3P4	RP11-234A1.1	0
RPL3P4	RP11-466H18.1	0
HLA-DQB2	HLA-DQA2	0
RP11-396K3.1	GTF2I	0
EEF1A1P6	EEF1A1P9	0
EEF1A1P6	EEF1A1P13	0
AC007969.5	RPL13AP20	0
AC007969.5	RPL6P27	0
AC007969.5	RP11-175B9.3	0
AC007969.5	RP11-466H18.1	0
RPS28	AC018738.2	0
RPS28	RPL36A	0
RPS28	FDX1L	0
RPS28	NDUFA7	0
RPL13AP20	RPL6P27	0
RPL13AP20	RP11-175B9.3	0
RPL13AP20	RP11-466H18.1	0
RP11-465N4.4	HNF1A-AS1	0
RP11-465N4.4	RP11-297L17.2	0
RP11-465N4.4	CCL15	0
APOC2	GSTA7P	0
APOC2	RP11-116D2.1	0
TECRP1	NDUFA7	0
HGH1	BOP1	0
RPL39P3	RP11-234A1.1	0
RPL39P3	RP11-466H18.1	0
RPL6P27	RP11-175B9.3	0
RPL6P27	RP11-234A1.1	0
RPL6P27	RP11-466H18.1	0
NFAM1	PLEKHO2	0
RP11-175B9.3	RP11-466H18.1	0
RPL13AP5	RP11-425L10.1	0
RPL13AP5	RPS7P1	0
KIFC1	UHRF1	0
GSTA7P	GSTA1	0
GSTA7P	CCND2P1	0
RP11-513G11.3	RP11-468N14.3	0
TXNDC5	RP11-676M6.1	0
NME1	BOP1	0
APOBEC3G	APOBEC3D	0
IGKV1-6	IGKV2-24	0
IGKV1-6	IGKV1-9	0
IGKV3-20	IGKV1-16	0
IGKV3-20	IGKV3-11	0
IGKV3-20	IGKV1-9	0
IGKV3-20	IGKV1-5	0
IGKV3-20	IGKV3-15	0
IGKV1-17	IGKV1-16	0
ISY1	ARPC4	0
ARHGEF25	AGAP2-AS1	0
ARHGEF25	AP000892.6	0
IGKV1-16	IGKV1-9	0
IGKV2-24	IGKV1-9	0
IGKV2-24	IGKV3-15	0
RPL36A	RP11-234A1.1	0
RPL36A	RP11-466H18.1	0
RPL36A	SNHG6	0
IGKV3-11	IGKV1-5	0
IGKV3-11	IGHV3-30	0
HNF1A-AS1	RP11-704M14.1	0
HNF1A-AS1	RP11-273B20.1	0
HNF1A-AS1	RP11-297L17.2	0
HNF1A-AS1	CTD-2396E7.11	0
ATP5J2	EGLN2	0
ARPC4	FDX1L	0
UGT1A1	RP5-849H19.3	0
IGKV1-9	IGKV1-5	0
IGKV1-9	IGKV3-15	0
IGKV1-9	IGLL5	0
IGKV1-9	IGHV3-30	0
PLEKHO2	PCED1B-AS1	0
RP11-234A1.1	RP11-425L10.1	0
RP11-234A1.1	RP11-466H18.1	0
HLA-DMB	MILR1	0
LINC00870	AC005355.2	0
LINC00870	RP11-273B20.1	0
LINC00870	HSP90B2P	0
LINC00870	RP11-1151B14.2	0
LINC00870	CCL15	0
RP11-274B21.2	RP11-384K6.6	0
RP11-274B21.2	GTF2I	0
RP11-274B21.2	RP11-449P15.2	0
RP11-274B21.2	PSMB3	0
IGKV1-5	IGKV3-15	0
IGKV1-5	IGLL5	0
RP5-966M1.6	HP	0
RP11-404G16.2	CTD-2114J12.1	0
RP11-425L10.1	RPS7P1	0
SCARF2	AGAP2-AS1	0
PCED1B-AS1	CCL5	0
PCED1B-AS1	CCL4	0
PCED1B-AS1	TRAC	0
EEF1A1P9	EEF1A1P19	0
EEF1A1P9	EEF1A1P13	0
EEF1A1P19	EEF1A1P13	0
RP11-622A1.2	LINC01127	0
RP11-704M14.1	CTD-2396E7.11	0
F11-AS1	RP11-115J16.1	0
F11-AS1	RP11-209K10.2	0
AC005355.2	RP11-273B20.1	0
AC005355.2	HSP90B2P	0
RP11-468N14.3	CTD-2114J12.1	0
RP11-468N14.3	RP5-849H19.3	0
RP11-813N20.1	RP5-849H19.3	0
RP11-730G20.2	RP11-676M6.1	0
RP11-10A14.4	CTD-2350C19.2	0
ALG11	UTP14C	0
RP4-798P15.3	RP11-903H12.5	0
RP4-798P15.3	AC005336.4	0
RP4-798P15.3	RP11-1151B14.2	0
RP4-798P15.3	RP11-337C18.9	0
KRT8P3	RP11-273B20.1	0
KRT8P3	CTD-2396E7.11	0
RP11-676M6.1	GTF2I	0
SNHG9	SNHG19	0
CYP2A6	CYP2B7P	0
APOPT1	RP11-73M18.8	0
SMLR1	ABCC6P1	0
SMLR1	RP11-1151B14.3	0
ZNF225	ZNF224	0
RP11-611O2.2	RP11-141M3.6	0
RP11-273B20.1	RP11-903H12.5	0
RP11-273B20.1	HSP90B2P	0
RP11-273B20.1	RP11-297L17.2	0
RP11-273B20.1	RP11-1151B14.2	0
RP11-273B20.1	RP11-337C18.9	0
RP11-273B20.1	RP11-428K3.1	0
RP11-273B20.1	CTD-2396E7.11	0
RP11-273B20.1	CCL15	0
RP11-273B20.1	RP5-849H19.3	0
HP	HPR	0
ZBED6	GTF2I	0
RP11-903H12.5	RP11-209K10.2	0
RP11-903H12.5	SORD2P	0
RP11-903H12.5	RP11-1151B14.2	0
RP11-903H12.5	RP11-337C18.9	0
RP11-903H12.5	CCL15	0
RP11-299G20.2	RP11-299G20.5	0
RP11-209K10.2	AC108078.1	0
RP11-209K10.2	RP11-1151B14.3	0
HSP90B2P	CCL15	0
RP11-505K9.1	RP11-266L9.8	0
RP11-384K6.6	GTF2I	0
RP13-516M14.1	ILF3-AS1	0
RP11-297L17.2	RP11-713M15.2	0
RP11-297L17.2	CCL15	0
RP11-116D2.1	RP11-1151B14.3	0
RP11-389C8.2	PECAM1	0
PECAM1	ARHGAP23	0
HPR	RP11-141M3.6	0
HPR	CCL16	0
GTF2I	CTB-131K11.1	0
GTF2I	PSMB3	0
GTF2I	AC000123.2	0
GTF2I	CICP14	0
LRRC37A17P	CTB-131K11.1	0
TMEM220-AS1	CTC-297N7.9	0
LINC00667	LINC00526	0
RP13-650J16.1	RP11-141M3.6	0
AC108078.1	RP5-849H19.3	0
FDX1L	NDUFA7	0
RP11-1151B14.2	RP11-337C18.9	0
RP11-1151B14.2	CCL15	0
CTD-2619J13.8	A1BG-AS1	0
CCL5	CCL4	0
CCL5	TRAC	0
RP11-337C18.9	RP11-428K3.1	0
RP11-337C18.9	CCL15	0
RP11-284F21.9	RP11-284F21.10	0
ZNHIT3	MRPL45	0
CCL4	CCL3	0
RP11-266L9.8	RP11-158I9.8	0
CCL15	RP5-849H19.3	0
CCL4L1	CCL3L3	0
OR7E91P	TPD52L2	1
RP11-703I16.3	MAN1B1-AS1	1
LMO7DN-IT1	KLF2P2	1
CYP21A2	RP11-80F22.2	1
AP000719.1	SECISBP2	1
SUCLA2-AS1	DHX30	1
MROH9	AC078899.3	1
NUP153	RP11-236B18.5	1
AC005624.2	GOLGA2P7	1
CDCA8	RP11-561G1.3	1
GCSAML	CRYGN	1
CTA-221G9.12	RP11-80F22.2	1
RPL26L1	RP11-155D18.12	1
RPS24	RP11-849N15.3	1
ZNF768	LINC01063	1
PLD2	RP1-34L19.1	1
STT3A-AS1	LRRC2-AS1	1
RP11-61O1.2	IGF2BP3	1
PTCH1	HMGN2P36	1
RP11-770J1.4	TP53TG3	1
IGKV3-11	KCNJ3	1
EEF1A1P9	NOTCH2P1	1
E2F6P3	RP11-308N19.5	1
CTD-2318B16.1	CHRM5	1
TRAV30	RP11-461F11.2	1
CDKN2AIP	RSL24D1P2	1
RP11-857B24.5	MTPAP	1
STK38L	TOMM40	1
RP11-770J1.4	CTD-2311B13.1	1
RP11-380G5.2	HNRNPA1P14	1
METTL20	RP11-727A23.10	1
AC009413.2	HIST1H2BB	1
XXbac-BPG27H4.8	RBM15B	1
ADRB2	MRPL4	1
PPP1R26P5	AC004623.3	1
RP11-123G9.1	RP11-561G1.3	1
PCDH1	GRAMD4P8	1
LCLAT1	PCNXL2	1
AC002451.3	RP11-665G4.1	1
HIST1H2BL	RNA5SP101	1
CDKAL1	AC004967.7	1
MITF	CLN6	1
RP11-876F14.1	RP11-101C11.1	1
FNDC1	XRCC1	1
C2orf69	TOP2A	1
TRIM51HP	RCN2	1
VTRNA2-1	NUDT2	1
AL359851.1	AL359851.1	1
KCNAB2	RP11-696N14.1	1
RPL21P122	RPL34P18	1
RP11-452H21.2	SVIP	1
DDX18	CRLF1	1
CTC-529P8.1	NRADDP	1
TBC1D2B	AC062017.1	1
RP11-206L10.3	RP11-96C21.1	1
RP11-108K14.8	GGACT	1
CYP19A1	ABC12-47964100C23.1	1
BLOC1S1	RP11-236B18.5	1
AGAP1-IT1	ZBTB34	1
OSTCP2	AC007193.10	1
AC104135.2	SCN1B	1
AL133244.2	RP11-146E23.2	1
PTPRD	RP4-666F24.3	1
MAGOH3P	RNU6-540P	1
LINC00375	MOGAT2	1
AC079613.1	ATP6V1E2	1
ITGAV	CCDC51	1
RP11-849N15.3	RNU6-537P	1
LZTR1	RRP1	1
CTHRC1	RP11-391L3.4	1
TFAP2A-AS1	MIR194-1	1
RP11-204M4.2	RP11-286N3.2	1
CNPY3	RP11-98D18.7	1
LINC01007	ATP11A	1
DEF6	APCDD1	1
VMAC	RP11-427J23.1	1
CH507-9B2.3	CH507-9B2.3	1
TACR3	RP11-292E2.2	1
CH507-42P11.6	PRR29	1
RP11-152P23.2	SLC25A2	1
RP4-597N16.1	AC024995.1	1
RPL3P2	RN7SL706P	1
SLC1A6	SEPT2P1	1
COL19A1	AHCYP5	1
LINC00492	DIAPH3	1
FAM74A6	FAM74A6	1
RP11-210K20.4	RP11-539G18.1	1
RP11-264B17.2	AVP	1
C16orf52	RP11-19E11.1	1
CLCN3	RCN2	1
ERP27	DHFR	1
CELA2A	DHRSX	1
HSD3BP5	ZNF534	1
CH507-42P11.7	SUCLA2P3	1
NLRP3	EMCN	1
AC068483.1	RP5-1028K7.1	1
AC159540.2	NLRP3	1
RP11-474D1.3	ZNF787	1
TMEM246-AS1	RPL36P16	1
COL19A1	RP11-678G14.5	1
NACC1	UCHL5	1
ZGRF1	TRIM43B	1
RP11-344B5.3	SNRPGP15	1
NUDT21	FLNB	1
RP11-1109F11.5	LINC00561	1
BIN2P2	RP11-174O3.3	1
ANKRD36B	HIP1	1
MIR4424	AC099850.1	1
C9orf50	ATP6V1G2-DDX39B	1
UBQLN1	CCDC23	1
RP11-876F14.1	RP11-536C10.19	1
RAB29	RP11-407P18.1	1
SNX2	RP1-153P14.7	1
HBE1	IGLV10-54	1
RP11-706O15.7	APOBEC1	1
RP1-97G4.1	AC004967.7	1
AC108456.1	RP1-78O14.1	1
UBL7	C8orf76	1
CXADR	COX5BP3	1
AC103563.5	NUP153	1
OVCH1	KRT86	1
PPA2	TRIM58	1
ABHD3	RP11-81M19.3	1
LCLAT1	RP4-789D17.5	1
RP11-147L13.2	RP11-863P13.1	1
RP11-307O13.1	RP11-307O13.1	1
RP11-382D12.2	C1RL-AS1	1
AP000351.4	AP000351.4	1
M6PR	KLF2P2	1
GRK5	RP11-285E23.2	1
DNAJC14	CH17-13I23.2	1
RP11-308K2.1	COL19A1	1
TRBV12-5	WNT16	1
CASP3	MLK4	1
C20orf141	CNPY4	1
AC097499.1	RP5-1125A11.6	1
TBC1D22B	RP11-119D9.1	1
SNORD37	SNORD37	1
CTC-242N15.1	RP11-99L13.2	1
RNU6-910P	RP11-119D9.1	1
RP13-487K5.1	PTPN11	1
KRT18P53	RP11-998D10.4	1
PEX11A	CTD-2119L1.1	1
TMX2-CTNND1	DEF6	1
RP11-299H21.1	MZF1-AS1	1
RP11-69H7.2	APCDD1	1
RP11-343H5.6	RP11-28G8.1	1
CNPY3	LHB	1
LDB3	GUK1	1
RNU6-107P	INPP5A	1
RP11-190G13.4	RP11-398J16.1	1
EPHA1	BIN2P2	1
MZF1-AS1	SLC25A39P2	1
CENPI	RP11-134L10.1	1
CXCL14	LINC00862	1
C6orf183	FOXG1-AS1	1
SAA1	KLF2P2	1
AQP7P4	FIGF	1
LCLAT1	SLC25A37	1
GPR150	RP1-101D8.1	1
RNF6	MLK4	1
CTD-3193O13.12	RP11-304C12.3	1
OXA1L	RP11-399C16.3	1
MIR6718	RP11-1267H10.1	1
PPBP	RP11-154H23.4	1
FAM174A	WDR34	1
CT45A10	RP11-408H20.3	1
AC003092.1	CFAP70	1
RP11-308K2.1	IGKV2-40	1
CENPU	SKIV2L2	1
MIR491	RP11-672L10.6	1
HDGFRP3	RP11-318C2.1	1
MAN1C1	ZNF534	1
RPL18AP7	RNU6-790P	1
SLC16A13	CHRM5	1
CLDN23	CLDN23	1
KRT86	TCTE1	1
RP11-384F7.2	RP11-395P16.1	1